Formula label,helper lipid,NP ratio,Dlin-MC3:Helper lipid,Dlin-MC3+Helper lipid percentage,Chol:DMG-PEG,RLU in HepG2,RLU in N2a,RLU in ARPE19
1,18PG,4,200,20,500,2.303,6.161,3.892
2,18PG,8,200,20,500,1.609,6.073,3.807
3,18PG,12,200,20,500,2.015,4.543,2.565
4,18PG,4,200,40,500,2.565,5.056,2.944
5,18PG,8,200,40,500,2.803,5.303,3.045
6,18PG,12,200,40,500,1.872,4.533,2.944
7,18PG,4,200,60,500,2.639,4.86,2.565
8,18PG,8,200,60,500,2.89,4.564,2.398
9,18PG,12,200,60,500,2.197,5.872,1.609
10,18PG,4,200,80,500,1.253,3.466,0.693
11,18PG,8,200,80,500,1.792,4.419,1.792
12,18PG,12,200,80,500,1.099,5.476,1.609
13,18PG,4,100,20,500,1.705,5.756,5.497
14,18PG,8,100,20,500,2.251,5.58,5.497
15,18PG,12,100,20,500,1.253,4.779,5.094
16,18PG,4,100,40,500,2.251,4.625,3.219
17,18PG,8,100,40,500,2.351,4.754,4.06
18,18PG,12,100,40,500,2.079,4.522,4.174
19,18PG,4,100,60,500,1.946,4.934,2.398
20,18PG,8,100,60,500,1.872,4.984,2.303
21,18PG,12,100,60,500,2.251,4.898,1.946
22,18PG,4,100,80,500,2.14,5.043,2.833
23,18PG,8,100,80,500,1.504,5.165,1.946
24,18PG,12,100,80,500,1.099,5.617,1.386
25,18PG,4,50,20,500,1.253,4.844,5.447
26,18PG,8,50,20,500,1.792,4.977,5.561
27,18PG,12,50,20,500,2.674,4.19,4.828
28,18PG,4,50,40,500,3.091,5.242,4.554
29,18PG,8,50,40,500,1.872,4.779,4.956
30,18PG,12,50,40,500,2.251,4.454,4.86
31,18PG,4,50,60,500,1.946,5.063,1.946
32,18PG,8,50,60,500,2.251,4.883,2.485
33,18PG,12,50,60,500,3.584,5.198,1.609
34,18PG,4,50,80,500,3.611,4.277,1.792
35,18PG,8,50,80,500,2.803,5.204,1.946
36,18PG,12,50,80,500,0.693,5.434,2.079
37,18PG,4,10,20,500,1.099,5.242,4.127
38,18PG,8,10,20,500,2.833,4.673,3.526
39,18PG,12,10,20,500,3.199,3.97,3.045
40,18PG,4,10,40,500,2.773,5.366,2.485
41,18PG,8,10,40,500,2.351,5.088,3.045
42,18PG,12,10,40,500,2.674,5.182,2.303
43,18PG,4,10,60,500,1.705,5.743,1.792
44,18PG,8,10,60,500,3.839,6.073,1.386
45,18PG,12,10,60,500,3.526,6.261,1.792
46,18PG,4,10,80,500,2.015,5.591,1.792
47,18PG,8,10,80,500,3.258,5.849,1.609
48,18PG,12,10,80,500,1.386,6.913,2.197
49,18PG,4,1,20,500,1.253,1.946,0.693
50,18PG,8,1,20,500,1.099,1.099,1.099
51,18PG,12,1,20,500,1.504,1.792,2.079
52,18PG,4,1,40,500,2.862,1.946,1.609
53,18PG,8,1,40,500,0.916,1.609,1.386
54,18PG,12,1,40,500,1.386,3.258,1.099
55,18PG,4,1,60,500,0.916,1.792,1.609
56,18PG,8,1,60,500,1.099,2.197,1.386
57,18PG,12,1,60,500,1.253,1.386,1.099
58,18PG,4,1,80,500,1.386,1.609,1.386
59,18PG,8,1,80,500,0,0.693,1.386
60,18PG,12,1,80,500,1.099,1.386,1.609
61,18PG,4,200,20,100,2.14,5.677,5.242
62,18PG,8,200,20,100,1.609,5.17,5.1
63,18PG,12,200,20,100,2.303,3.951,3.761
64,18PG,4,200,40,100,3.091,5.308,4.86
65,18PG,8,200,40,100,4.234,3.178,5.347
66,18PG,12,200,40,100,3.135,4.344,3.584
67,18PG,4,200,60,100,4.167,5.313,2.89
68,18PG,8,200,60,100,3.314,4.554,3.497
69,18PG,12,200,60,100,3.57,5.278,1.792
70,18PG,4,200,80,100,1.872,4.682,1.946
71,18PG,8,200,80,100,2.485,3.497,1.609
72,18PG,12,200,80,100,2.603,5.136,1.946
73,18PG,4,100,20,100,1.946,5.908,5.338
74,18PG,8,100,20,100,1.705,5.13,5.05
75,18PG,12,100,20,100,1.946,4.443,3.689
76,18PG,4,100,40,100,2.97,5.407,4.673
77,18PG,8,100,40,100,3.114,4.625,3.434
78,18PG,12,100,40,100,3.114,4.654,3.584
79,18PG,4,100,60,100,2.708,4.575,1.609
80,18PG,8,100,60,100,2.639,4.736,2.89
81,18PG,12,100,60,100,3.45,5.13,1.946
82,18PG,4,100,80,100,1.609,5.056,1.609
83,18PG,8,100,80,100,1.872,4.205,1.386
84,18PG,12,100,80,100,2.996,5.165,1.792
85,18PG,4,50,20,100,1.705,6.014,5.056
86,18PG,8,50,20,100,1.946,5.198,5.394
87,18PG,12,50,20,100,1.253,4.511,3.892
88,18PG,4,50,40,100,1.946,5.714,5.62
89,18PG,8,50,40,100,1.705,5.17,5.03
90,18PG,12,50,40,100,1.705,4.927,3.258
91,18PG,4,50,60,100,3.512,4.883,3.258
92,18PG,8,50,60,100,2.398,5.236,3.219
93,18PG,12,50,60,100,2.079,5.075,2.708
94,18PG,4,50,80,100,3.541,5.576,2.197
95,18PG,8,50,80,100,2.079,4.86,2.079
96,18PG,12,50,80,100,1.946,5.165,1.792
97,18PG,4,10,20,100,2.351,5.136,4.205
98,18PG,8,10,20,100,1.792,3.738,3.829
99,18PG,12,10,20,100,2.015,3.466,4.205
100,18PG,4,10,40,100,2.351,5.389,4.159
101,18PG,8,10,40,100,2.251,4.043,4.554
102,18PG,12,10,40,100,3.784,4.111,4.344
103,18PG,4,10,60,100,2.442,5.82,4.673
104,18PG,8,10,60,100,2.303,5.635,4.852
105,18PG,12,10,60,100,3.135,3.135,4.205
106,18PG,4,10,80,100,1.504,6.109,4.595
107,18PG,8,10,80,100,2.833,4.868,4.963
108,18PG,12,10,80,100,1.946,4.736,4.796
109,18PG,4,1,20,100,1.705,1.099,1.386
110,18PG,8,1,20,100,0.916,1.386,0.693
111,18PG,12,1,20,100,1.386,1.099,1.609
112,18PG,4,1,40,100,1.792,1.946,1.099
113,18PG,8,1,40,100,1.386,1.099,1.386
114,18PG,12,1,40,100,1.253,1.386,1.792
115,18PG,4,1,60,100,5.075,1.386,1.609
116,18PG,8,1,60,100,1.386,1.386,1.099
117,18PG,12,1,60,100,1.504,1.609,1.792
118,18PG,4,1,80,100,1.504,0.693,1.386
119,18PG,8,1,80,100,1.504,1.386,1.099
120,18PG,12,1,80,100,0.916,1.609,1.099
121,18PG,4,200,20,10,1.386,2.079,1.792
122,18PG,8,200,20,10,0.916,1.609,2.079
123,18PG,12,200,20,10,0.916,1.386,1.099
124,18PG,4,200,40,10,1.504,2.197,2.485
125,18PG,8,200,40,10,2.674,3.219,1.946
126,18PG,12,200,40,10,2.14,3.497,1.609
127,18PG,4,200,60,10,1.099,2.639,1.609
128,18PG,8,200,60,10,2.197,3.892,2.833
129,18PG,12,200,60,10,2.015,4.007,3.045
130,18PG,4,200,80,10,1.099,3.178,1.946
131,18PG,8,200,80,10,1.386,3.296,2.833
132,18PG,12,200,80,10,0.916,4.635,4.127
133,18PG,4,100,20,10,1.504,2.079,1.792
134,18PG,8,100,20,10,1.253,1.609,1.099
135,18PG,12,100,20,10,1.099,1.609,1.386
136,18PG,4,100,40,10,1.099,1.946,1.792
137,18PG,8,100,40,10,1.386,2.996,1.792
138,18PG,12,100,40,10,1.099,1.386,2.398
139,18PG,4,100,60,10,1.253,2.89,1.792
140,18PG,8,100,60,10,1.872,3.97,3.989
141,18PG,12,100,60,10,2.639,2.773,3.638
142,18PG,4,100,80,10,1.792,3.296,1.609
143,18PG,8,100,80,10,1.872,4.06,2.833
144,18PG,12,100,80,10,2.14,4.317,3.689
145,18PG,4,50,20,10,1.253,2.079,1.792
146,18PG,8,50,20,10,0.916,2.079,1.792
147,18PG,12,50,20,10,1.386,1.609,1.792
148,18PG,4,50,40,10,1.386,1.946,2.197
149,18PG,8,50,40,10,1.386,2.996,1.386
150,18PG,12,50,40,10,1.386,1.792,1.609
151,18PG,4,50,60,10,1.099,2.639,1.946
152,18PG,8,50,60,10,2.398,3.932,1.609
153,18PG,12,50,60,10,2.303,2.773,1.792
154,18PG,4,50,80,10,1.504,3.664,1.099
155,18PG,8,50,80,10,2.015,4.143,1.609
156,18PG,12,50,80,10,2.251,4.543,3.258
157,18PG,4,10,20,10,1.705,2.485,1.609
158,18PG,8,10,20,10,1.792,2.197,1.792
159,18PG,12,10,20,10,1.386,1.946,1.946
160,18PG,4,10,40,10,1.253,2.565,1.792
161,18PG,8,10,40,10,0.916,3.045,1.792
162,18PG,12,10,40,10,1.504,2.485,2.079
163,18PG,4,10,60,10,1.386,4.043,1.609
164,18PG,8,10,60,10,2.398,4.043,2.485
165,18PG,12,10,60,10,1.792,2.89,2.197
166,18PG,4,10,80,10,1.792,4.997,2.079
167,18PG,8,10,80,10,1.946,4.913,3.434
168,18PG,12,10,80,10,2.303,4.111,3.526
169,18PG,4,1,20,10,1.253,3.555,2.565
170,18PG,8,1,20,10,1.099,4.942,3.97
171,18PG,12,1,20,10,1.386,3.367,2.708
172,18PG,4,1,40,10,1.609,1.386,1.609
173,18PG,8,1,40,10,1.386,1.946,1.099
174,18PG,12,1,40,10,1.099,1.946,1.099
175,18PG,4,1,60,10,1.253,1.386,1.946
176,18PG,8,1,60,10,1.872,1.609,1.099
177,18PG,12,1,60,10,1.099,1.386,1.609
178,18PG,4,1,80,10,1.609,1.386,1.609
179,18PG,8,1,80,10,1.253,1.099,1.099
180,18PG,12,1,80,10,1.504,1.099,1.386
181,DOPE,4,200,20,500,2.485,6.284,5.568
182,DOPE,8,200,20,500,1.792,6.05,6.561
183,DOPE,12,200,20,500,1.609,5.537,6.384
184,DOPE,4,200,40,500,1.099,5.442,4.977
185,DOPE,8,200,40,500,1.253,5.147,6.205
186,DOPE,12,200,40,500,1.386,4.369,6.83
187,DOPE,4,200,60,500,1.099,5.7,5.429
188,DOPE,8,200,60,500,1.386,4.682,3.258
189,DOPE,12,200,60,500,1.504,4.533,5.153
190,DOPE,4,200,80,500,1.253,3.258,1.609
191,DOPE,8,200,80,500,0.916,2.197,1.792
192,DOPE,12,200,80,500,1.253,2.639,2.398
193,DOPE,4,100,20,500,1.253,6.619,6.5
194,DOPE,8,100,20,500,2.398,6.066,6.692
195,DOPE,12,100,20,500,1.609,5.549,6.635
196,DOPE,4,100,40,500,1.099,5.82,5.182
197,DOPE,8,100,40,500,0.916,5.124,5.521
198,DOPE,12,100,40,500,1.099,5.394,6.198
199,DOPE,4,100,60,500,0.916,5.347,4.234
200,DOPE,8,100,60,500,1.099,5.215,4.06
201,DOPE,12,100,60,500,1.253,5.215,5.318
202,DOPE,4,100,80,500,0.916,5.153,2.833
203,DOPE,8,100,80,500,0.693,3.932,2.079
204,DOPE,12,100,80,500,0.693,4.635,3.526
205,DOPE,4,50,20,500,2.398,6.303,6.641
206,DOPE,8,50,20,500,2.351,6.009,4.949
207,DOPE,12,50,20,500,0.916,5.389,6.292
208,DOPE,4,50,40,500,0.916,5.513,4.19
209,DOPE,8,50,40,500,0.916,4.956,4.443
210,DOPE,12,50,40,500,0.405,5.017,4.357
211,DOPE,4,50,60,500,0.405,5.384,2.639
212,DOPE,8,50,60,500,0.405,4.949,3.178
213,DOPE,12,50,60,500,1.253,4.804,4.025
214,DOPE,4,50,80,500,0.693,5.257,2.398
215,DOPE,8,50,80,500,0.405,3.555,2.079
216,DOPE,12,50,80,500,4.357,4.025,3.332
217,DOPE,4,10,20,500,2.741,6.997,4.419
218,DOPE,8,10,20,500,1.386,6.18,4.595
219,DOPE,12,10,20,500,1.253,5.505,4.949
220,DOPE,4,10,40,500,1.253,6.071,4.007
221,DOPE,8,10,40,500,1.099,5.749,4.431
222,DOPE,12,10,40,500,0.916,5.231,5.209
223,DOPE,4,10,60,500,0.693,6.161,3.466
224,DOPE,8,10,60,500,0.405,6.009,3.434
225,DOPE,12,10,60,500,1.609,6.001,3.912
226,DOPE,4,10,80,500,1.504,7.607,4.127
227,DOPE,8,10,80,500,1.253,6.916,4.82
228,DOPE,12,10,80,500,3.902,6.551,5.472
229,DOPE,4,1,20,500,3.676,6.038,7.904
230,DOPE,8,1,20,500,2.862,8.595,6.518
231,DOPE,12,1,20,500,2.197,7.874,5.832
232,DOPE,4,1,40,500,1.253,8.389,6.913
233,DOPE,8,1,40,500,3.584,9.338,5.781
234,DOPE,12,1,40,500,3.401,8.956,5.684
235,DOPE,4,1,60,500,4.174,9.82,4.19
236,DOPE,8,1,60,500,4.159,8.782,7.149
237,DOPE,12,1,60,500,5.807,9.016,7.487
238,DOPE,4,1,80,500,6.222,10.091,7.888
239,DOPE,8,1,80,500,6.708,10.023,7.405
240,DOPE,12,1,80,500,6.424,9.557,7.815
241,DOPE,4,200,20,100,1.253,5.733,7.561
242,DOPE,8,200,20,100,1.253,5.106,6.252
243,DOPE,12,200,20,100,0.916,4.29,5.966
244,DOPE,4,200,40,100,1.099,4.86,7.285
245,DOPE,8,200,40,100,0.693,4.875,7.834
246,DOPE,12,200,40,100,1.504,4.71,7.23
247,DOPE,4,200,60,100,0.693,5.024,8.1
248,DOPE,8,200,60,100,0.405,4.407,7.413
249,DOPE,12,200,60,100,1.792,5.472,6.436
250,DOPE,4,200,80,100,0.693,4.007,4.812
251,DOPE,8,200,80,100,0.405,3.892,4.489
252,DOPE,12,200,80,100,5.226,5.429,5.226
253,DOPE,4,100,20,100,1.253,5.635,6.535
254,DOPE,8,100,20,100,1.099,5.204,5.541
255,DOPE,12,100,20,100,1.253,4.533,5.694
256,DOPE,4,100,40,100,0.693,5.024,5.361
257,DOPE,8,100,40,100,1.386,4.883,5.663
258,DOPE,12,100,40,100,1.099,5.056,6.91
259,DOPE,4,100,60,100,0.916,4.997,4.635
260,DOPE,8,100,60,100,1.099,4.466,4.635
261,DOPE,12,100,60,100,1.504,3.219,5.075
262,DOPE,4,100,80,100,0.405,3.434,2.708
263,DOPE,8,100,80,100,0.405,3.611,2.079
264,DOPE,12,100,80,100,3.989,3.714,2.773
265,DOPE,4,50,20,100,1.099,6.026,3.738
266,DOPE,8,50,20,100,0.916,5.193,3.932
267,DOPE,12,50,20,100,1.386,5.333,2.485
268,DOPE,4,50,40,100,2.015,5.13,2.89
269,DOPE,8,50,40,100,1.609,5.333,4.344
270,DOPE,12,50,40,100,4.304,5.037,3.989
271,DOPE,4,50,60,100,2.398,5.609,3.638
272,DOPE,8,50,60,100,1.099,4.956,2.89
273,DOPE,12,50,60,100,1.872,4.771,3.367
274,DOPE,4,50,80,100,1.872,5.318,4.234
275,DOPE,8,50,80,100,1.946,4.043,2.079
276,DOPE,12,50,80,100,4.483,6.969,5.464
277,DOPE,4,10,20,100,2.197,6.457,6.133
278,DOPE,8,10,20,100,2.079,5.357,6.047
279,DOPE,12,10,20,100,2.251,5.71,5.268
280,DOPE,4,10,40,100,1.946,6.628,6.444
281,DOPE,8,10,40,100,1.872,5.943,6.621
282,DOPE,12,10,40,100,3.02,5.872,6.945
283,DOPE,4,10,60,100,1.792,7.681,7.076
284,DOPE,8,10,60,100,1.705,6.817,6.219
285,DOPE,12,10,60,100,4.363,5.756,5.517
286,DOPE,4,10,80,100,2.89,8.712,6.868
287,DOPE,8,10,80,100,3.526,7.524,5.953
288,DOPE,12,10,80,100,5.844,7.093,5.606
289,DOPE,4,1,20,100,5.816,9.043,7.869
290,DOPE,8,1,20,100,3.296,8.948,6.99
291,DOPE,12,1,20,100,4.311,7.891,6.194
292,DOPE,4,1,40,100,6.029,9.87,6.116
293,DOPE,8,1,40,100,6.372,8.838,5.914
294,DOPE,12,1,40,100,6.458,8.756,6.207
295,DOPE,4,1,60,100,6.006,10.216,6.279
296,DOPE,8,1,60,100,6.537,8.985,5.252
297,DOPE,12,1,60,100,7.636,8.301,6.363
298,DOPE,4,1,80,100,7.84,10.438,7.005
299,DOPE,8,1,80,100,8.234,10.235,6.702
300,DOPE,12,1,80,100,8.221,9.509,6.506
301,DOPE,4,200,20,10,1.099,2.639,1.792
302,DOPE,8,200,20,10,0.916,2.303,1.946
303,DOPE,12,200,20,10,0.405,2.197,1.386
304,DOPE,4,200,40,10,0.916,2.89,1.792
305,DOPE,8,200,40,10,0.693,3.178,1.946
306,DOPE,12,200,40,10,1.386,3.332,1.792
307,DOPE,4,200,60,10,1.099,3.178,1.386
308,DOPE,8,200,60,10,0.916,3.367,1.792
309,DOPE,12,200,60,10,1.386,3.97,1.386
310,DOPE,4,200,80,10,1.872,3.178,1.946
311,DOPE,8,200,80,10,1.099,3.497,1.609
312,DOPE,12,200,80,10,3.597,4.304,2.197
313,DOPE,4,100,20,10,0.916,2.398,1.792
314,DOPE,8,100,20,10,0,1.792,1.099
315,DOPE,12,100,20,10,0.693,1.099,2.079
316,DOPE,4,100,40,10,1.386,1.386,1.386
317,DOPE,8,100,40,10,0.693,2.944,1.792
318,DOPE,12,100,40,10,0,2.773,2.485
319,DOPE,4,100,60,10,0.405,2.565,1.386
320,DOPE,8,100,60,10,1.099,3.526,1.386
321,DOPE,12,100,60,10,1.504,4.22,1.792
322,DOPE,4,100,80,10,1.253,3.332,2.398
323,DOPE,8,100,80,10,1.386,2.773,1.386
324,DOPE,12,100,80,10,2.079,3.761,1.609
325,DOPE,4,50,20,10,1.253,1.792,1.946
326,DOPE,8,50,20,10,0.916,1.792,2.079
327,DOPE,12,50,20,10,0.916,1.609,1.946
328,DOPE,4,50,40,10,0.405,1.946,0.693
329,DOPE,8,50,40,10,0.916,2.708,2.398
330,DOPE,12,50,40,10,1.099,2.639,1.609
331,DOPE,4,50,60,10,0.693,2.079,1.609
332,DOPE,8,50,60,10,1.253,3.401,1.099
333,DOPE,12,50,60,10,0.405,3.584,2.079
334,DOPE,4,50,80,10,1.253,3.135,2.89
335,DOPE,8,50,80,10,1.386,2.89,1.386
336,DOPE,12,50,80,10,2.803,3.045,1.609
337,DOPE,4,10,20,10,0.693,2.708,1.386
338,DOPE,8,10,20,10,0.693,1.946,1.386
339,DOPE,12,10,20,10,0.405,2.485,1.609
340,DOPE,4,10,40,10,1.099,2.773,1.386
341,DOPE,8,10,40,10,0.916,3.871,1.609
342,DOPE,12,10,40,10,0.916,3.332,1.609
343,DOPE,4,10,60,10,0.693,3.091,1.099
344,DOPE,8,10,60,10,0.916,4.127,1.792
345,DOPE,12,10,60,10,1.253,4.875,2.079
346,DOPE,4,10,80,10,1.386,6.562,4.605
347,DOPE,8,10,80,10,2.639,4.828,2.708
348,DOPE,12,10,80,10,5.004,4.511,3.219
349,DOPE,4,1,20,10,0.693,3.584,1.946
350,DOPE,8,1,20,10,1.253,2.398,1.792
351,DOPE,12,1,20,10,0.693,1.792,1.099
352,DOPE,4,1,40,10,2.14,5.278,1.946
353,DOPE,8,1,40,10,2.398,4.466,1.946
354,DOPE,12,1,40,10,4.151,3.912,1.946
355,DOPE,4,1,60,10,3.651,4.511,1.099
356,DOPE,8,1,60,10,3.871,6.548,2.079
357,DOPE,12,1,60,10,4.197,6.623,2.485
358,DOPE,4,1,80,10,5.582,6.771,5.106
359,DOPE,8,1,80,10,5.649,8.226,2.833
360,DOPE,12,1,80,10,5.911,7.324,5.231
361,DOTAP,4,200,20,500,3.512,5.442,4.875
362,DOTAP,8,200,20,500,2.674,5.283,5.652
363,DOTAP,12,200,20,500,3.714,5.704,4.727
364,DOTAP,4,200,40,500,3.512,6.038,4.927
365,DOTAP,8,200,40,500,2.015,5.617,5.043
366,DOTAP,12,200,40,500,2.14,5.58,3.611
367,DOTAP,4,200,60,500,1.504,4.663,4.585
368,DOTAP,8,200,60,500,1.504,4.407,5.602
369,DOTAP,12,200,60,500,1.386,5.17,2.708
370,DOTAP,4,200,80,500,1.792,3.401,2.485
371,DOTAP,8,200,80,500,0.916,3.584,2.89
372,DOTAP,12,200,80,500,1.872,4.736,2.773
373,DOTAP,4,100,20,500,1.609,5.583,6.24
374,DOTAP,8,100,20,500,3.114,5.288,6.223
375,DOTAP,12,100,20,500,2.442,5.442,2.773
376,DOTAP,4,100,40,500,2.14,5.557,4.304
377,DOTAP,8,100,40,500,1.609,5.464,5.438
378,DOTAP,12,100,40,500,1.946,6.014,3.807
379,DOTAP,4,100,60,500,1.099,4.5,2.773
380,DOTAP,8,100,60,500,1.099,5.273,5.298
381,DOTAP,12,100,60,500,0.693,5.67,4.5
382,DOTAP,4,100,80,500,0.693,3.892,2.565
383,DOTAP,8,100,80,500,1.609,3.555,3.829
384,DOTAP,12,100,80,500,1.504,4.984,3.871
385,DOTAP,4,50,20,500,3.068,5.521,5.743
386,DOTAP,8,50,20,500,1.386,5.537,5.338
387,DOTAP,12,50,20,500,1.792,5.886,4.143
388,DOTAP,4,50,40,500,1.609,5.328,5.293
389,DOTAP,8,50,40,500,2.442,5.714,5.606
390,DOTAP,12,50,40,500,2.442,5.513,4.19
391,DOTAP,4,50,60,500,0.916,4.419,4.159
392,DOTAP,8,50,60,500,1.253,5.242,3.892
393,DOTAP,12,50,60,500,1.946,5.1,3.784
394,DOTAP,4,50,80,500,0.916,3.871,3.219
395,DOTAP,8,50,80,500,0.693,3.135,3.611
396,DOTAP,12,50,80,500,1.946,7.315,4.043
397,DOTAP,4,10,20,500,2.079,5.598,5.13
398,DOTAP,8,10,20,500,1.872,5.591,4.564
399,DOTAP,12,10,20,500,3.332,5.268,2.197
400,DOTAP,4,10,40,500,2.079,5.561,4.868
401,DOTAP,8,10,40,500,1.792,5.553,4.691
402,DOTAP,12,10,40,500,2.197,5.852,3.178
403,DOTAP,4,10,60,500,2.015,6.014,5.136
404,DOTAP,8,10,60,500,3.219,5.986,4.736
405,DOTAP,12,10,60,500,3.114,7.55,4.754
406,DOTAP,4,10,80,500,1.253,6.726,5.011
407,DOTAP,8,10,80,500,1.504,6.632,4.745
408,DOTAP,12,10,80,500,2.398,7.511,3.892
409,DOTAP,4,1,20,500,6.13,8.143,5.911
410,DOTAP,8,1,20,500,6.897,7.81,4.635
411,DOTAP,12,1,20,500,4.673,7.274,3.584
412,DOTAP,4,1,40,500,6.752,10.391,5.9
413,DOTAP,8,1,40,500,7.247,8.141,6.671
414,DOTAP,12,1,40,500,4.016,4.796,4.159
415,DOTAP,4,1,60,500,5.25,10.373,5.82
416,DOTAP,8,1,60,500,7.638,9.74,6.094
417,DOTAP,12,1,60,500,6.446,7.168,5.656
418,DOTAP,4,1,80,500,4.82,8.678,5.124
419,DOTAP,8,1,80,500,5.239,9.084,6.18
420,DOTAP,12,1,80,500,6.284,8.605,5.529
421,DOTAP,4,200,20,100,2.14,4.19,6.282
422,DOTAP,8,200,20,100,0.405,4.331,4.745
423,DOTAP,12,200,20,100,0.693,2.639,2.197
424,DOTAP,4,200,40,100,1.099,2.89,1.386
425,DOTAP,8,200,40,100,1.099,5.011,7.043
426,DOTAP,12,200,40,100,0.693,4.779,7.156
427,DOTAP,4,200,60,100,0.693,3.332,3.178
428,DOTAP,8,200,60,100,0.693,4.977,6.907
429,DOTAP,12,200,60,100,0.916,4.796,6.494
430,DOTAP,4,200,80,100,1.099,2.398,3.401
431,DOTAP,8,200,80,100,0,3.85,3.332
432,DOTAP,12,200,80,100,1.253,3.611,3.738
433,DOTAP,4,100,20,100,1.705,2.89,6.335
434,DOTAP,8,100,20,100,0.693,3.296,5.215
435,DOTAP,12,100,20,100,1.253,1.946,2.708
436,DOTAP,4,100,40,100,1.504,1.946,3.258
437,DOTAP,8,100,40,100,1.099,5.293,6.652
438,DOTAP,12,100,40,100,1.504,5.011,6.428
439,DOTAP,4,100,60,100,1.099,4.431,4.99
440,DOTAP,8,100,60,100,0.405,1.386,3.611
441,DOTAP,12,100,60,100,0.405,4.248,6.161
442,DOTAP,4,100,80,100,0.916,1.609,3.258
443,DOTAP,8,100,80,100,0,3.401,3.784
444,DOTAP,12,100,80,100,1.099,2.303,3.367
445,DOTAP,4,50,20,100,0.916,5.303,6.766
446,DOTAP,8,50,20,100,1.099,4.394,4.745
447,DOTAP,12,50,20,100,0.693,1.946,2.565
448,DOTAP,4,50,40,100,1.504,5.398,7.419
449,DOTAP,8,50,40,100,0.693,5.638,7.412
450,DOTAP,12,50,40,100,1.099,5.22,6.261
451,DOTAP,4,50,60,100,0.693,4.99,7.476
452,DOTAP,8,50,60,100,1.099,5.236,7.001
453,DOTAP,12,50,60,100,2.015,4.654,6.916
454,DOTAP,4,50,80,100,1.099,2.996,3.912
455,DOTAP,8,50,80,100,1.253,3.091,4.22
456,DOTAP,12,50,80,100,1.253,3.296,3.296
457,DOTAP,4,10,20,100,5.489,6.936,6.485
458,DOTAP,8,10,20,100,4.668,6.157,3.555
459,DOTAP,12,10,20,100,5.885,3.258,2.079
460,DOTAP,4,10,40,100,6.134,6.468,5.624
461,DOTAP,8,10,40,100,6.306,7.005,5.953
462,DOTAP,12,10,40,100,6.244,5.638,6.859
463,DOTAP,4,10,60,100,5.697,6.288,5.193
464,DOTAP,8,10,60,100,5.773,6.845,5.204
465,DOTAP,12,10,60,100,5.717,5.231,5.352
466,DOTAP,4,10,80,100,3.481,5.727,2.773
467,DOTAP,8,10,80,100,3.784,6.144,5.22
468,DOTAP,12,10,80,100,2.398,3.638,2.708
469,DOTAP,4,1,20,100,7.643,8.379,6.39
470,DOTAP,8,1,20,100,8.974,4.575,4.691
471,DOTAP,12,1,20,100,8.962,3.932,2.303
472,DOTAP,4,1,40,100,8.723,9.966,7.224
473,DOTAP,8,1,40,100,9.233,6.946,5.737
474,DOTAP,12,1,40,100,8.639,6.542,5.991
475,DOTAP,4,1,60,100,6.978,10.418,6.718
476,DOTAP,8,1,60,100,8.448,6.495,5.313
477,DOTAP,12,1,60,100,8.674,6.717,5.468
478,DOTAP,4,1,80,100,5.807,9.422,5.883
479,DOTAP,8,1,80,100,7.031,4.86,2.639
480,DOTAP,12,1,80,100,6.692,5.951,3.664
481,DOTAP,4,200,20,10,1.253,2.833,2.708
482,DOTAP,8,200,20,10,1.386,2.197,2.197
483,DOTAP,12,200,20,10,1.872,2.303,2.639
484,DOTAP,4,200,40,10,1.504,3.466,2.639
485,DOTAP,8,200,40,10,1.386,3.219,2.398
486,DOTAP,12,200,40,10,1.099,3.401,2.833
487,DOTAP,4,200,60,10,1.504,3.367,2.398
488,DOTAP,8,200,60,10,0.916,4.234,2.303
489,DOTAP,12,200,60,10,2.079,5.124,1.792
490,DOTAP,4,200,80,10,0.693,2.944,1.609
491,DOTAP,8,200,80,10,1.386,3.178,1.609
492,DOTAP,12,200,80,10,0.693,5.153,2.303
493,DOTAP,4,100,20,10,1.099,2.996,3.219
494,DOTAP,8,100,20,10,0.916,1.946,2.303
495,DOTAP,12,100,20,10,1.099,2.079,2.398
496,DOTAP,4,100,40,10,1.386,3.332,2.639
497,DOTAP,8,100,40,10,0.693,2.639,2.303
498,DOTAP,12,100,40,10,0.693,3.045,2.197
499,DOTAP,4,100,60,10,0.916,3.932,1.946
500,DOTAP,8,100,60,10,1.253,4.007,1.386
501,DOTAP,12,100,60,10,2.14,4.635,1.792
502,DOTAP,4,100,80,10,0.405,3.526,2.079
503,DOTAP,8,100,80,10,0.916,3.584,1.386
504,DOTAP,12,100,80,10,0.916,5.176,1.792
505,DOTAP,4,50,20,10,2.079,2.89,2.89
506,DOTAP,8,50,20,10,1.253,2.079,2.303
507,DOTAP,12,50,20,10,0,2.565,2.639
508,DOTAP,4,50,40,10,0.693,3.466,1.792
509,DOTAP,8,50,40,10,1.253,3.466,2.398
510,DOTAP,12,50,40,10,1.253,3.497,2.708
511,DOTAP,4,50,60,10,1.099,3.664,2.485
512,DOTAP,8,50,60,10,1.099,4.644,2.303
513,DOTAP,12,50,60,10,1.872,5.964,2.485
514,DOTAP,4,50,80,10,1.099,4.29,3.332
515,DOTAP,8,50,80,10,0.693,3.466,1.386
516,DOTAP,12,50,80,10,1.386,5.38,2.708
517,DOTAP,4,10,20,10,0.916,2.639,3.401
518,DOTAP,8,10,20,10,0.916,2.303,2.833
519,DOTAP,12,10,20,10,1.099,1.946,2.565
520,DOTAP,4,10,40,10,2.079,4.394,3.135
521,DOTAP,8,10,40,10,2.803,5.242,3.584
522,DOTAP,12,10,40,10,4.277,4.977,4.043
523,DOTAP,4,10,60,10,2.14,4.605,2.303
524,DOTAP,8,10,60,10,2.803,5.273,2.485
525,DOTAP,12,10,60,10,3.829,4.913,2.833
526,DOTAP,4,10,80,10,0.693,3.951,1.609
527,DOTAP,8,10,80,10,1.705,4.595,2.197
528,DOTAP,12,10,80,10,1.253,5.684,2.485
529,DOTAP,4,1,20,10,4.363,7.878,6.353
530,DOTAP,8,1,20,10,4.443,6.004,3.401
531,DOTAP,12,1,20,10,4.103,4.787,4.06
532,DOTAP,4,1,40,10,5.503,9.21,2.996
533,DOTAP,8,1,40,10,6.449,9.339,6.738
534,DOTAP,12,1,40,10,5.838,7.827,4.443
535,DOTAP,4,1,60,10,5.268,6.897,2.197
536,DOTAP,8,1,60,10,5.782,7.683,4.369
537,DOTAP,12,1,60,10,5.476,7.054,3.434
538,DOTAP,4,1,80,10,5.472,6.452,2.197
539,DOTAP,8,1,80,10,5.984,7.391,6.001
540,DOTAP,12,1,80,10,5.709,6.306,5.756
541,DSPC,4,200,20,500,1.792,6.196,6.858
542,DSPC,8,200,20,500,1.792,5.759,6.293
543,DSPC,12,200,20,500,1.386,5.384,5.971
544,DSPC,4,200,40,500,1.386,5.242,3.85
545,DSPC,8,200,40,500,1.609,5.204,5.861
546,DSPC,12,200,40,500,1.099,5.38,6.373
547,DSPC,4,200,60,500,1.099,4.963,3.466
548,DSPC,8,200,60,500,1.386,4.431,3.045
549,DSPC,12,200,60,500,1.386,4.357,3.912
550,DSPC,4,200,80,500,1.099,4.868,2.565
551,DSPC,8,200,80,500,0.693,3.219,1.946
552,DSPC,12,200,80,500,1.609,3.296,2.565
553,DSPC,4,100,20,500,1.099,6.37,4.691
554,DSPC,8,100,20,500,0.693,5.737,4.905
555,DSPC,12,100,20,500,1.386,5.565,3.912
556,DSPC,4,100,40,500,0,4.804,2.398
557,DSPC,8,100,40,500,0,4.942,4.205
558,DSPC,12,100,40,500,1.386,5.136,4.522
559,DSPC,4,100,60,500,0.693,4.754,2.485
560,DSPC,8,100,60,500,1.609,4.344,2.398
561,DSPC,12,100,60,500,1.099,4.419,3.296
562,DSPC,4,100,80,500,1.946,4.431,1.792
563,DSPC,8,100,80,500,1.099,3.296,2.079
564,DSPC,12,100,80,500,1.099,3.091,1.946
565,DSPC,4,50,20,500,0.693,6.409,5.717
566,DSPC,8,50,20,500,1.099,5.549,6.026
567,DSPC,12,50,20,500,1.609,5.583,5.142
568,DSPC,4,50,40,500,1.099,5.159,4.111
569,DSPC,8,50,40,500,1.792,4.745,4.663
570,DSPC,12,50,40,500,1.386,5.063,5.268
571,DSPC,4,50,60,500,0,4.654,3.296
572,DSPC,8,50,60,500,0.693,4.111,2.639
573,DSPC,12,50,60,500,1.099,4.22,3.367
574,DSPC,4,50,80,500,0.693,3.045,1.609
575,DSPC,8,50,80,500,1.099,2.944,1.386
576,DSPC,12,50,80,500,1.099,2.079,2.079
577,DSPC,4,10,20,500,2.773,6.673,6.064
578,DSPC,8,10,20,500,1.099,6.612,5.981
579,DSPC,12,10,20,500,1.792,5.841,3.526
580,DSPC,4,10,40,500,2.944,6.148,3.219
581,DSPC,8,10,40,500,2.197,5.159,3.611
582,DSPC,12,10,40,500,1.946,5.293,2.639
583,DSPC,4,10,60,500,2.773,4.754,3.178
584,DSPC,8,10,60,500,1.792,4.745,3.738
585,DSPC,12,10,60,500,1.946,4.787,3.555
586,DSPC,4,10,80,500,3.091,4.7,3.584
587,DSPC,8,10,80,500,2.197,3.296,1.386
588,DSPC,12,10,80,500,3.829,3.989,3.219
589,DSPC,4,1,20,500,0.693,7.304,5.659
590,DSPC,8,1,20,500,1.099,7.217,4.727
591,DSPC,12,1,20,500,1.099,6.513,3.091
592,DSPC,4,1,40,500,0.693,6.244,2.565
593,DSPC,8,1,40,500,2.485,6.79,3.689
594,DSPC,12,1,40,500,2.708,6.915,3.664
595,DSPC,4,1,60,500,0.693,4.836,3.466
596,DSPC,8,1,60,500,0,5.553,3.367
597,DSPC,12,1,60,500,0.693,5.714,4.331
598,DSPC,4,1,80,500,1.099,4.29,2.197
599,DSPC,8,1,80,500,1.609,4.431,1.946
600,DSPC,12,1,80,500,1.099,4.852,3.584
601,DSPC,4,200,20,100,2.303,5.787,5.159
602,DSPC,8,200,20,100,1.946,4.913,5.011
603,DSPC,12,200,20,100,1.386,4.718,3.219
604,DSPC,4,200,40,100,2.079,4.745,4.691
605,DSPC,8,200,40,100,1.386,5.088,4.787
606,DSPC,12,200,40,100,0,4.875,4.443
607,DSPC,4,200,60,100,1.099,4.331,2.303
608,DSPC,8,200,60,100,1.099,4.078,2.197
609,DSPC,12,200,60,100,1.609,3.466,3.466
610,DSPC,4,200,80,100,0,3.892,2.89
611,DSPC,8,200,80,100,0.693,2.773,2.079
612,DSPC,12,200,80,100,1.099,3.135,1.099
613,DSPC,4,100,20,100,2.079,5.733,3.434
614,DSPC,8,100,20,100,1.609,5.407,3.784
615,DSPC,12,100,20,100,0,4.543,2.303
616,DSPC,4,100,40,100,2.197,4.779,2.89
617,DSPC,8,100,40,100,1.386,4.86,3.091
618,DSPC,12,100,40,100,2.197,4.828,3.135
619,DSPC,4,100,60,100,0.693,4.736,2.565
620,DSPC,8,100,60,100,1.609,4.19,3.611
621,DSPC,12,100,60,100,1.386,4.111,2.485
622,DSPC,4,100,80,100,1.099,4.585,2.944
623,DSPC,8,100,80,100,0,3.401,1.609
624,DSPC,12,100,80,100,0.693,3.332,2.944
625,DSPC,4,50,20,100,1.386,6.001,7.041
626,DSPC,8,50,20,100,0.693,5.088,6.891
627,DSPC,12,50,20,100,0.693,4.673,5.081
628,DSPC,4,50,40,100,2.833,5.561,4.934
629,DSPC,8,50,40,100,0,5.159,5.323
630,DSPC,12,50,40,100,0.693,5.142,6.103
631,DSPC,4,50,60,100,2.079,5.318,5.043
632,DSPC,8,50,60,100,2.303,4.868,5.442
633,DSPC,12,50,60,100,1.946,4.543,3.97
634,DSPC,4,50,80,100,1.609,4.812,2.773
635,DSPC,8,50,80,100,0,4.234,2.565
636,DSPC,12,50,80,100,0.693,3.526,3.526
637,DSPC,4,10,20,100,3.314,6.507,7.372
638,DSPC,8,10,20,100,2.773,6.246,7.035
639,DSPC,12,10,20,100,2.079,5.704,6.895
640,DSPC,4,10,40,100,5.549,6.207,7.036
641,DSPC,8,10,40,100,4.585,4.654,6.603
642,DSPC,12,10,40,100,4.22,5.13,6.347
643,DSPC,4,10,60,100,5.874,3.664,3.045
644,DSPC,8,10,60,100,3.676,4.654,5.017
645,DSPC,12,10,60,100,4.745,4.304,4.595
646,DSPC,4,10,80,100,4.357,3.466,3.912
647,DSPC,8,10,80,100,3.45,2.996,3.871
648,DSPC,12,10,80,100,1.386,2.996,4.025
649,DSPC,4,1,20,100,1.792,8.461,6.286
650,DSPC,8,1,20,100,1.253,7.442,5.464
651,DSPC,12,1,20,100,0.693,7.786,5.811
652,DSPC,4,1,40,100,2.485,8.054,5.73
653,DSPC,8,1,40,100,3.784,7.532,5.342
654,DSPC,12,1,40,100,5.139,6.976,6.219
655,DSPC,4,1,60,100,0.916,7.727,4.5
656,DSPC,8,1,60,100,1.386,6.852,5.438
657,DSPC,12,1,60,100,1.386,6.902,6.109
658,DSPC,4,1,80,100,0.693,1.792,1.099
659,DSPC,8,1,80,100,1.504,4.454,3.555
660,DSPC,12,1,80,100,1.504,5.303,5.278
661,DSPC,4,200,20,10,0.916,2.079,1.386
662,DSPC,8,200,20,10,1.253,2.079,1.386
663,DSPC,12,200,20,10,0.405,2.197,1.609
664,DSPC,4,200,40,10,0.916,2.833,1.946
665,DSPC,8,200,40,10,0.405,2.944,2.398
666,DSPC,12,200,40,10,0.916,2.773,2.303
667,DSPC,4,200,60,10,0.693,3.871,1.946
668,DSPC,8,200,60,10,0.693,3.714,2.303
669,DSPC,12,200,60,10,1.099,4.357,2.708
670,DSPC,4,200,80,10,0.916,2.639,1.792
671,DSPC,8,200,80,10,1.504,3.332,1.386
672,DSPC,12,200,80,10,0.693,3.807,2.079
673,DSPC,4,100,20,10,0.916,2.303,1.386
674,DSPC,8,100,20,10,0.916,2.197,1.792
675,DSPC,12,100,20,10,0.916,1.386,1.946
676,DSPC,4,100,40,10,1.504,3.332,1.946
677,DSPC,8,100,40,10,0.405,3.401,2.197
678,DSPC,12,100,40,10,0.693,4.234,2.485
679,DSPC,4,100,60,10,0.916,2.89,1.099
680,DSPC,8,100,60,10,1.609,4.71,3.178
681,DSPC,12,100,60,10,1.386,4.771,2.079
682,DSPC,4,100,80,10,0.693,2.708,1.609
683,DSPC,8,100,80,10,1.386,3.584,1.099
684,DSPC,12,100,80,10,0.916,4.369,1.792
685,DSPC,4,50,20,10,0.405,2.303,2.303
686,DSPC,8,50,20,10,0.405,2.197,1.099
687,DSPC,12,50,20,10,0.916,1.792,1.609
688,DSPC,4,50,40,10,1.099,2.485,1.946
689,DSPC,8,50,40,10,0.693,3.85,1.386
690,DSPC,12,50,40,10,0.916,4.025,2.197
691,DSPC,4,50,60,10,0.916,3.434,1.386
692,DSPC,8,50,60,10,2.015,3.932,2.079
693,DSPC,12,50,60,10,1.872,4.205,2.833
694,DSPC,4,50,80,10,1.099,3.135,1.946
695,DSPC,8,50,80,10,1.253,3.738,1.386
696,DSPC,12,50,80,10,0.405,4.248,1.609
697,DSPC,4,10,20,10,0.693,2.303,1.386
698,DSPC,8,10,20,10,0.693,1.792,1.609
699,DSPC,12,10,20,10,0.405,1.386,1.609
700,DSPC,4,10,40,10,1.386,3.526,1.946
701,DSPC,8,10,40,10,0.693,3.466,2.485
702,DSPC,12,10,40,10,0.693,3.85,2.833
703,DSPC,4,10,60,10,1.386,3.989,2.773
704,DSPC,8,10,60,10,2.015,4.143,2.708
705,DSPC,12,10,60,10,1.504,4.682,3.045
706,DSPC,4,10,80,10,2.197,3.584,2.708
707,DSPC,8,10,80,10,1.504,3.871,2.565
708,DSPC,12,10,80,10,1.253,4.663,2.639
709,DSPC,4,1,20,10,1.099,2.079,1.946
710,DSPC,8,1,20,10,0.693,1.792,1.386
711,DSPC,12,1,20,10,1.099,1.386,1.386
712,DSPC,4,1,40,10,1.099,3.664,1.946
713,DSPC,8,1,40,10,0.405,3.611,2.197
714,DSPC,12,1,40,10,0.916,2.89,2.197
715,DSPC,4,1,60,10,0.405,5.17,2.996
716,DSPC,8,1,60,10,0.405,5.951,4.094
717,DSPC,12,1,60,10,0,5.666,4.159
718,DSPC,4,1,80,10,1.099,5.455,3.829
719,DSPC,8,1,80,10,1.099,5.069,4.143
720,DSPC,12,1,80,10,0.916,5.394,4.71
