Formula label,Helper lipid,Lipid wt%,Dlin wt%,Chol wt%,DMG wt%,pDNA wt%,RLU in HepG2,RLU in N2a,RLU in ARPE19
1,18PG,0.173801669881252,27.9333978057350,67.4824247124594,0.875796734015573,3.53457907790872,2.303,6.161,3.892
2,18PG,0.176928508910658,28.4359432562049,68.6964906045422,0.891553057942824,1.79908457239932,1.609,6.073,3.807
3,18PG,0.177995941417840,28.6075009683619,69.1109453899925,0.896931912497045,1.20662578773076,2.015,4.543,2.565
4,18PG,0.303445302131041,48.7697174745163,44.1823101499793,0.573404454500443,6.17112261887286,2.565,5.056,2.944
5,18PG,0.313106391814233,50.3224474427720,45.5889862717445,0.591660502034435,3.18379939163479,2.803,5.303,3.045
6,18PG,0.316464927964658,50.8622312457635,46.0779965968539,0.598006949238363,2.14530028017956,1.872,4.533,2.944
7,18PG,0.403862937527093,64.9088360350323,26.1348182044180,0.339181476140617,8.21330134688196,2.639,4.86,2.565
8,18PG,0.421158443586908,67.6885691144119,27.2540466966249,0.353706986483030,4.28251875889331,2.89,4.564,2.398
9,18PG,0.427257572145550,68.6688208255333,27.6487341048369,0.358829297137131,2.89635820034708,2.197,5.872,1.609
10,18PG,0.483936236012054,77.7782135371358,11.7436985194918,0.152411429382671,9.84174027797773,1.253,3.466,0.693
11,18PG,0.508982609242936,81.8036656949151,12.3514997840840,0.160299562696324,5.17555234906157,1.792,4.419,1.792
12,18PG,0.517917642140946,83.2397038441342,12.5683265575463,0.163113572134404,3.51093838404422,1.099,5.476,1.609
13,18PG,0.345826165643419,27.7905841271542,67.4714276810993,0.875654012941307,3.51650801316173,1.705,5.756,5.497
14,18PG,0.352015492137716,28.2879582871174,68.6789785735475,0.891325784254653,1.78972186294271,2.251,5.58,5.497
15,18PG,0.354128128316150,28.4577296904397,69.0911584294717,0.896675114442232,1.20030863733017,1.253,4.779,5.094
16,18PG,0.603714399122949,48.5144776896380,44.1697409716056,0.573241329873315,6.13882560976014,2.251,4.625,3.219
17,18PG,0.622831674286343,50.0507415600186,45.5684240132504,0.591393642049633,3.16660911039503,2.351,4.754,4.06
18,18PG,0.629476022646637,50.5846812685231,46.0545465016748,0.597702610488566,2.13359359666698,2.079,4.522,4.174
19,18PG,0.803422947594083,64.5630528657613,26.1249237773715,0.339053064825683,8.16954734444738,1.946,4.934,2.398
20,18PG,0.837638588109569,67.3126210901349,27.2375146028362,0.353492430562608,4.25873328835671,1.872,4.984,2.303
21,18PG,0.849700751021290,68.2819362734725,27.6297402513600,0.358582792141017,2.88003993200523,2.251,4.898,1.946
22,18PG,0.962644150808246,77.3580657431628,11.7383713366238,0.152342292427721,9.78857647697743,2.14,5.043,2.833
23,18PG,1.01218331999048,81.3390324412346,12.3424462308417,0.160182064364060,5.14615594356910,1.504,5.165,1.946
24,18PG,1.02984920196269,82.7586623822352,12.5578619505597,0.162977760941183,3.49064870430124,1.099,5.617,1.386
25,18PG,0.684651564027171,27.5092933648974,67.4497675476682,0.875372904575712,3.48091461883153,1.253,4.844,5.447
26,18PG,0.696778699838970,27.9965615670767,68.6444956904238,0.890878260376430,1.77128578228417,1.792,4.977,5.561
27,18PG,0.700917114906281,28.1628430453263,69.0521996218425,0.896169501364039,1.18787071656090,2.674,4.19,4.828
28,18PG,1.19492138613294,48.0119299892761,44.1449932165088,0.572920149904155,6.07523525817801,3.091,5.242,4.554
29,18PG,1.23235563825360,49.5160378853065,45.5279585103846,0.590868474861270,3.13277949119400,1.872,4.779,4.956
30,18PG,1.24536043704130,50.0385705775533,46.0084058108741,0.597103789884821,2.11055938464656,2.251,4.454,4.86
31,18PG,1.58990635682972,63.8824223747897,26.1054478475490,0.338800303372561,8.08342311745909,1.946,5.063,1.946
32,18PG,1.65687235845479,66.5731156864972,27.2049952865993,0.353070390141356,4.21194627830738,2.251,4.883,2.485
33,18PG,1.68046579732433,67.5210998370502,27.5923874655835,0.358098022248282,2.84794887779369,3.584,5.198,1.609
34,18PG,1.90471030690028,76.5312421101605,11.7278877859407,0.152206235380449,9.68395356161801,3.611,4.277,1.792
35,18PG,2.00162870398525,80.4254223880579,12.3246441962400,0.159951026966849,5.08835368475004,2.803,5.204,1.946
36,18PG,2.03616445365360,81.8130684829781,12.5372914398898,0.162710793858443,3.45076482962004,0.693,5.434,2.079
37,18PG,3.16682596253663,25.4486074424673,67.2910892758284,0.873313554858675,3.22016376430903,1.099,5.242,4.127
38,18PG,3.21864884443099,25.8650560233077,68.3922606737320,0.887604717601933,1.63642974092737,2.833,4.673,3.526
39,18PG,3.23630211453382,26.0069176684494,68.7673705751136,0.892472948521713,1.09693669338146,3.199,3.97,3.045
40,18PG,5.51738290623511,44.3376785941494,43.9640562156526,0.570571923160855,5.61031036080210,2.773,5.366,2.485
41,18PG,5.67662093239183,45.6173150710240,45.2329095203076,0.587039286106048,2.88611519017046,2.351,5.088,3.045
42,18PG,5.73176269028141,46.0604341330818,45.6722945303543,0.592741688745164,1.94276695753734,2.674,5.182,2.303
43,18PG,7.33123830450187,58.9138171423241,25.9632734840625,0.336955143781263,7.45471592533029,1.705,5.743,1.792
44,18PG,7.61507957957442,61.1947650917040,26.9684854748183,0.350000931365934,3.87166892253737,3.839,6.073,1.386
45,18PG,7.71464137038185,61.9948434542351,27.3210793881425,0.354576946514157,2.61485884072646,3.526,6.261,1.792
46,18PG,8.77337423005184,70.5028187111389,11.6514515548990,0.151214234844131,8.92114126906611,2.015,5.591,1.792
47,18PG,9.18298789130408,73.7944733178639,12.1954376661898,0.158274165806131,4.66882695883606,3.258,5.849,1.609
48,18PG,9.32815977068306,74.9610742658496,12.3882327157757,0.160776288032490,3.16175695965919,1.386,6.913,2.197
49,18PG,17.1855770667482,13.8103264788706,66.3949108284537,0.861682820476350,1.74750280545115,1.253,1.946,0.693
50,18PG,17.3370598705586,13.9320580313480,66.9801508359303,0.869278150510018,0.881453111653010,1.099,1.099,1.099
51,18PG,17.3881493316729,13.9731135126320,67.1775303130222,0.871839770104088,0.589367072568745,1.504,1.792,2.079
52,18PG,29.6483862181109,23.8254375546106,42.9539393304941,0.557462479142427,3.01477441764201,2.862,1.946,1.609
53,18PG,30.1021420570601,24.1900756609275,43.6113309549049,0.565994203366644,1.53045712374076,0.916,1.609,1.386
54,18PG,30.2564962913553,24.3141146943992,43.8349560239574,0.568896442074791,1.02553654821341,1.386,3.258,1.099
55,18PG,39.1000390510036,31.4207839826191,25.1765729299002,0.326745229438094,3.97585880703899,0.916,1.792,1.609
56,18PG,39.8930854261614,32.0580758996305,25.6872166628875,0.333372438159497,2.02824957316112,1.099,2.197,1.386
57,18PG,40.1646317501730,32.2762904742223,25.8620657422300,0.335641654970930,1.36137037840379,1.253,1.386,1.099
58,18PG,46.5142051279159,37.3788064390684,11.2314620340122,0.145763549687504,4.72976284931601,1.386,1.609,1.386
59,18PG,47.6408548549284,38.2841819465035,11.5035063181136,0.149294180018865,2.42216270043560,0,0.693,1.386
60,18PG,48.0286320586800,38.5957996340605,11.5971401860818,0.150509373991358,1.62791874718632,1.099,1.386,1.609
61,18PG,0.168847699219025,27.1371958283865,65.0396550042450,4.22047056525671,3.43383090289266,2.14,5.677,5.242
62,18PG,0.171797313845610,27.6112577795422,66.1758381953450,4.29419831972380,1.74690839154335,1.609,5.17,5.1
63,18PG,0.172803553772858,27.7729806225680,66.5634389623226,4.31935001568518,1.17142684565139,2.303,3.951,3.761
64,18PG,0.297726132470423,47.8505327431056,43.0062232810749,2.79070513933058,6.05481270401852,3.091,5.308,4.86
65,18PG,0.307020902783280,49.3443878760245,44.3488429701972,2.87782870845014,3.12191954254488,4.234,3.178,5.347
66,18PG,0.310249482525145,49.8632850899505,44.8152078811552,2.90809146705854,2.10316607931065,3.135,4.344,3.584
67,18PG,0.399325464118695,64.1795734805568,25.6365060947615,1.66357154511203,8.12102341545100,4.167,5.313,2.89
68,18PG,0.416226385221246,66.8958888805381,26.7215372429976,1.73398000627651,4.23236748496653,3.314,4.554,3.497
69,18PG,0.422182490033040,67.8531538204788,27.1039163573513,1.75879286539750,2.86195446673929,3.57,5.278,1.792
70,18PG,0.481477857127891,77.3831029759112,11.5914940892828,0.752180490624867,9.79174458705328,1.872,4.682,1.946
71,18PG,0.506263890684020,81.3667133510169,12.1882134548970,0.790902044700284,5.14790725870187,2.485,3.497,1.609
72,18PG,0.515102897161609,82.7873181375799,12.4010109695143,0.804710630350741,3.49185736539345,2.603,5.136,1.946
73,18PG,0.335970440729936,26.9985782596033,65.0293581104522,4.21980239232186,3.41629079689269,1.946,5.908,5.338
74,18PG,0.341809036050710,27.4677676690989,66.1594578452733,4.29313538688195,1.73783006269509,1.705,5.13,5.05
75,18PG,0.343800592736141,27.6278091266546,66.5449371529552,4.31814941980511,1.16530370784896,1.946,4.443,3.689
76,18PG,0.592339099170901,47.6003588007423,42.9942192077066,2.78992618627017,6.02315670611003,2.97,5.407,4.673
77,18PG,0.610731764794689,49.0783930622317,44.3292286621729,2.87655592172228,3.10509058907845,3.114,4.625,3.434
78,18PG,0.617119134180974,49.5916819452476,44.7928481665057,2.90664052889597,2.09171022516981,3.114,4.654,3.584
79,18PG,0.794399723965080,63.8379467856780,25.6269093298473,1.66294880404984,8.07779535645970,2.708,4.575,1.609
80,18PG,0.827835138138945,66.5248160360028,26.7055178711026,1.73294049757135,4.20889045718431,2.639,4.736,2.89
81,18PG,0.839614624744950,67.4714153567622,27.0855177956966,1.75759896933668,2.84585325345965,3.45,5.13,1.946
82,18PG,0.957756159756454,76.9652668747346,11.5862626485789,0.751841018628853,9.73887329830120,1.609,5.056,1.609
83,18PG,1.00678070855543,80.9048786885454,12.1793272745036,0.790325413984989,5.11868791441055,1.872,4.205,1.386
84,18PG,1.02425687959149,82.3092634623072,12.3907417411741,0.804044252647244,3.47169366427998,2.996,5.165,1.792
85,18PG,0.665145714967472,26.7255485342300,65.0090767124365,4.21848631763878,3.38174272072726,1.705,6.014,5.056
86,18PG,0.676585912388301,27.1852155583594,66.1272026433424,4.29104232334530,1.71995356256459,1.946,5.198,5.394
87,18PG,0.680487267387712,27.3419719653237,66.5085077930743,4.31578549212009,1.15324748209422,1.253,4.511,3.892
88,18PG,1.17241883050971,47.1077775172388,42.9705837250855,2.78839246259510,5.96082746457095,1.946,5.714,5.62
89,18PG,1.20843519913036,48.5549148676538,44.2906276744090,2.87405107552288,3.07197118328392,1.705,5.17,5.03
90,18PG,1.22093748166458,49.0572564615904,44.7488516165796,2.90378556073964,2.06916887942576,1.705,4.927,3.258
91,18PG,1.57206331938286,63.1654892989934,25.6080190718224,1.66172300145357,7.99270530834781,3.512,4.883,3.258
92,18PG,1.63750374370667,65.7948849291710,26.6740064360021,1.73089569760582,4.16270919351446,2.398,5.236,3.219
93,18PG,1.66054496298555,66.7206809017958,27.0493348184258,1.75525102959861,2.81418828719426,2.079,5.075,2.708
94,18PG,1.89504740690038,76.1429868795885,11.5759674418593,0.751172955169402,9.63482531648248,3.541,5.576,2.197
95,18PG,1.99096017436057,79.9967609686765,12.1618541428119,0.789191569748226,5.06123314440280,2.079,4.86,2.079
96,18PG,2.02512561734756,81.3695281446434,12.3705550197473,0.802734321596946,3.43205689666479,1.946,5.165,1.792
97,18PG,3.07680872899201,24.7252291240393,64.8604874917534,4.20884425492847,3.12863040028685,2.351,5.136,4.205
98,18PG,3.12570460117985,25.1181562604168,65.8912340820612,4.27573015160718,1.58917490473506,1.792,3.738,3.829
99,18PG,3.14235041592274,25.2519219961923,66.2421352117766,4.29850038138749,1.06509199472086,2.015,3.466,4.205
100,18PG,5.41389836998979,43.5060770567022,42.7977636616917,2.77717804286007,5.50508286875622,2.351,5.389,4.159
101,18PG,5.56713609778967,44.7374951473355,44.0091332904212,2.85578470000432,2.83045076444925,2.251,4.043,4.554
102,18PG,5.62016139820931,45.1636063611697,44.4283070761778,2.88298519214095,1.90493997230227,3.784,4.111,4.344
103,18PG,7.24940512546655,58.2562058704465,25.4701105311053,1.65277401584232,7.37150445713939,2.442,5.82,4.673
104,18PG,7.52682525504492,60.4855535067855,26.4448003493212,1.71602234776793,3.82679854108044,2.303,5.635,4.852
105,18PG,7.62407795638012,61.2670760306872,26.7864886685123,1.73819475156595,2.58416259285446,3.135,3.135,4.205
106,18PG,8.72915412198620,70.1474660063996,11.5009016161722,0.746301879089000,8.87617637635292,1.504,6.109,4.595
107,18PG,9.13455366943190,73.4052560025495,12.0350267152664,0.780961645638260,4.64420196711400,2.833,4.868,4.963
108,18PG,9.27818623870199,74.5594870574130,12.2242665917732,0.793241559000617,3.14481855311125,1.946,4.736,4.796
109,18PG,16.7033992154751,13.4228484488284,64.0209156074643,4.15436382410780,1.69847290412438,1.705,1.099,1.386
110,18PG,16.8464655417397,13.5378165215426,64.5692613113475,4.18994637605511,0.856510249315023,0.916,1.386,0.693
111,18PG,16.8947004888323,13.5765781158989,64.7541365835788,4.20194306706839,0.572641744621529,1.386,1.099,1.609
112,18PG,29.1048408090111,23.3886445667113,41.8324707406580,2.71453948243401,2.95950440118561,1.792,1.946,1.099
113,18PG,29.5419890419584,23.7399368039876,42.4607851432035,2.75531126145862,1.50197774939184,1.386,1.099,1.386
114,18PG,29.6906379672653,23.8593910522360,42.6744386676924,2.76917539421286,1.00635691859348,1.253,1.386,1.792
115,18PG,38.6766756071642,31.0805691992614,24.7067094256429,1.60323636231574,3.93280940561584,5.075,1.386,1.609
116,18PG,39.4524708493191,31.7039981090560,25.2022884101554,1.63539484342635,2.00584778804317,1.386,1.386,1.099
117,18PG,39.7180319376778,31.9174029494098,25.3719291701700,1.64640295585042,1.34623298689194,1.504,1.609,1.792
118,18PG,46.2881710507145,37.1971654974010,11.0883533878099,0.719531324195395,4.70677873987920,1.504,0.693,1.386
119,18PG,47.4037662465109,38.0936575856427,11.3555947474907,0.736872810589790,2.41010860976583,1.504,1.386,1.099
120,18PG,47.7876778929460,38.4021689120716,11.4475609649657,0.742840565397617,1.61975166461916,0.916,1.609,1.099
121,18PG,0.130677266341659,21.0024453009085,46.2180705541771,29.9912424726317,2.65756440594106,1.386,2.079,1.792
122,18PG,0.132437066511601,21.2852803176214,46.8404784962212,30.3951275176565,1.34667660198933,0.916,1.609,2.079
123,18PG,0.133034246870012,21.3812591222246,47.0516898622932,30.5321841108221,0.901832657790073,0.916,1.386,1.099
124,18PG,0.249530865182607,40.1045912085732,33.0953753146561,21.4758299921045,5.07467261948354,1.504,2.197,2.485
125,18PG,0.256027134632427,41.1486713886949,33.9569780483684,22.0349302788973,2.60339314940700,2.674,3.219,1.946
126,18PG,0.258268381751629,41.5088845408723,34.2542355220224,22.2278228177303,1.75078873762329,2.14,3.497,1.609
127,18PG,0.358096048381227,57.5531833435714,21.1086300529937,13.6975437224780,7.28254683257569,1.099,2.639,1.609
128,18PG,0.371628041462471,59.7280447594664,21.9062982683312,14.2151564348229,3.77887249591709,2.197,3.892,2.833
129,18PG,0.376368874759633,60.4899913075678,22.1857554046639,14.3964982051731,2.55138620783556,2.015,4.007,3.045
130,18PG,0.457653300237348,73.5540210941110,10.1164557500479,6.56464178892282,9.30722806668097,1.099,3.178,1.946
131,18PG,0.479990191130452,77.1440053531040,10.6102141654172,6.88504521945732,4.88074507089105,1.386,3.296,2.833
132,18PG,0.487928371104506,78.4198293381110,10.7856881462708,6.99891156316912,3.30764258134459,0.916,4.635,4.127
133,18PG,0.260028832684902,20.8959120741215,46.2124073756475,29.9875675948531,2.64408412269296,1.504,2.079,1.792
134,18PG,0.263512579827156,21.1758659285513,46.8315400328582,30.3893272837039,1.33975417505941,1.253,1.609,1.099
135,18PG,0.264694665772438,21.2708583327460,47.0416207254197,30.5256501745967,0.897176101465278,1.099,1.609,1.386
136,18PG,0.496474949917241,39.8967175807229,33.0876326297371,21.4708057074901,5.04836913213271,1.099,1.946,1.792
137,18PG,0.509331414881815,40.9298628619975,33.9444532804785,22.0268028658272,2.58954957681495,1.386,2.996,1.792
138,18PG,0.513766158005297,41.2862387354834,34.2400072682507,22.2185900002692,1.74139783799143,1.099,1.386,2.398
139,18PG,0.712407353675543,57.2490414607245,21.1015438208190,13.6929454148286,7.24406194995230,1.253,2.89,1.792
140,18PG,0.739180707875854,59.4005476976385,21.8945720005161,14.2075471742648,3.75815241970467,1.872,3.97,3.989
141,18PG,0.748558025052995,60.1541087285498,22.1723286355568,14.3877854769461,2.53721913389433,2.639,2.773,3.638
142,18PG,0.910384661922883,73.1584942052235,10.1121158447413,6.56182559277280,9.25717969533945,1.792,3.296,1.609
143,18PG,0.954567684874102,76.7090410935232,10.6028796560625,6.88028580293826,4.85322576260201,1.872,4.06,2.833
144,18PG,0.970264053205920,77.9704009556511,10.7772273813172,6.99342131119228,3.28868629863349,2.14,4.317,3.689
145,18PG,0.514834749057599,20.6860553461129,46.2012516437486,29.9803285592048,2.61752970187612,1.253,2.079,1.792
146,18PG,0.521662078988067,20.9603773981235,46.8139359832379,30.3779038877393,1.32612065191130,0.916,2.079,1.792
147,18PG,0.523978273687701,21.0534420792405,47.0217912112884,30.5127826585083,0.888005777275072,1.386,1.609,1.792
148,18PG,0.982762023534573,39.4873688073834,33.0723855846611,21.4609117889344,4.99657179548660,1.386,1.946,2.197
149,18PG,1.00794332959509,40.4991534466464,33.9197991431985,22.0108046166520,2.56229946390807,1.386,2.996,1.386
150,18PG,1.01662633329105,40.8480364529971,34.2120038065745,22.2004183501087,1.72291505702866,1.386,1.792,1.609
151,18PG,1.40991323222194,56.6503003310233,21.0875936913008,13.6838930742206,7.16829967123334,1.099,2.639,1.946
152,18PG,1.46232515693024,58.7562109699161,21.8715010606117,14.1925762733932,3.71738653914881,2.398,3.932,1.609
153,18PG,1.48067259821521,59.4934109871551,22.1459175128090,14.3706471071092,2.50935179471137,2.303,2.773,1.792
154,18PG,1.80139579500654,72.3800659997628,10.1035745677902,6.55628309597453,9.15868054146599,1.504,3.664,1.099
155,18PG,1.88784672011026,75.8536633524896,10.5884559973245,6.87092618577192,4.79910774430376,2.015,4.143,1.609
156,18PG,1.91853761587724,77.0868232540302,10.7605934891481,6.98262745746088,3.25141818348360,2.251,4.543,3.258
157,18PG,2.38273603755782,19.1476622890443,46.1194725144225,29.9272614867933,2.42286767218210,1.705,2.485,1.609
158,18PG,2.41195527993028,19.3824680654588,46.6850307736035,30.2942563587149,1.22628952229254,1.792,2.197,1.792
159,18PG,2.42185493101835,19.4620216428697,46.8766452365830,30.4185963787888,0.820881810740198,1.386,1.946,1.946
160,18PG,4.54107129095814,36.4920403012249,32.9608183546478,21.3885150011150,4.61755505205420,1.253,2.565,1.792
161,18PG,4.64839232835681,37.3544719546806,33.7397951626916,21.8939987231846,2.36334183108642,0.916,3.045,1.792
162,18PG,4.68530223086846,37.6510798614209,34.0077012390830,22.0678449266414,1.58807174198629,1.504,2.485,2.079
163,18PG,6.50528050668288,52.2764218419826,20.9856862585357,13.6177645991636,6.61484679363518,1.386,4.043,1.609
164,18PG,6.72779724691789,54.0645659454503,21.7035133365606,14.0835678162241,3.42055565484717,2.398,4.043,2.485
165,18PG,6.80539131271171,54.6881117113408,21.9538276340917,14.2459985863018,2.30667075555405,1.792,2.89,2.197
166,18PG,8.30042683142823,66.7022143107419,10.0412745336657,6.51585615025663,8.44022817390755,1.792,4.997,2.079
167,18PG,8.66614817119721,69.6411503050834,10.4836985740218,6.80294833110581,4.40605461859185,1.946,4.913,3.434
168,18PG,8.79532376079136,70.6792050986274,10.6399661473051,6.90435149711327,2.98115349616290,2.303,4.111,3.526
169,18PG,12.9732948379274,10.4253372768660,45.6558041808212,29.6263837293884,1.31917997499706,1.253,3.555,2.565
170,18PG,13.0594335540741,10.4945583328617,45.9589447789431,29.8230938705207,0.663969463600485,1.099,4.942,3.97
171,18PG,13.0884012165245,10.5178367409254,46.0608881896906,29.8892456919524,0.443628160907108,1.386,3.367,2.708
172,18PG,24.5016617269148,19.6895307273826,32.3349739951488,20.9824000397849,2.49143351076893,1.609,1.386,1.609
173,18PG,24.8107331873635,19.9379004945147,32.7428572541554,21.2470784561427,1.26143060782367,1.386,1.946,1.099
174,18PG,24.9154970894896,20.0220887464391,32.8811147359798,21.3367947426803,0.844504685411209,1.099,1.946,1.099
175,18PG,34.8137645335899,27.9763345915026,20.4195160931163,13.2503726568288,3.54001212496237,1.253,1.386,1.946
176,18PG,35.4410736864485,28.4804401080362,20.7874553123810,13.4891310949861,1.80189979814824,1.872,1.609,1.099
177,18PG,35.6552308641050,28.6525367754767,20.9130661445963,13.5706408785186,1.20852533730331,1.099,1.386,1.609
178,18PG,44.0924358433348,35.4326731002421,9.69817055857650,6.29321348285748,4.48350701498914,1.609,1.386,1.609
179,18PG,45.1035461716420,36.2452011687408,9.92056517638131,6.43752696949197,2.29316051374390,1.253,1.099,1.099
180,18PG,45.4509673840304,36.5243887892748,9.99698078166522,6.48711361210346,1.54054943292612,1.504,1.099,1.386
181,DOPE,0.161855236280599,27.9367406604937,67.4905004913584,0.875901542650036,3.53500206921729,2.485,6.284,5.568
182,DOPE,0.164767503611634,28.4394074819742,68.7048595955359,0.891661671926546,1.79930374695177,1.792,6.05,6.561
183,DOPE,0.165761689038930,28.6110071230427,69.1194156742351,0.897041841079301,1.20677367260398,1.609,5.537,6.384
184,DOPE,0.282612910326921,48.7799082967136,44.1915423967570,0.573524271943429,6.17241212425905,1.099,5.442,4.977
185,DOPE,0.291612678488367,50.3332975778303,45.5988158146892,0.591788071274047,3.18448585771808,1.253,5.147,6.205
186,DOPE,0.294741343960120,50.8733154228277,46.0880381672006,0.598137270200473,2.14576779581108,1.386,4.369,6.83
187,DOPE,0.376162597974765,64.9268889118923,26.1420869937481,0.339275811546950,8.21558568483788,1.099,5.7,5.429
188,DOPE,0.392276504134075,67.7082015697031,27.2619514855763,0.353809575985057,4.28376086460138,1.386,4.682,3.258
189,DOPE,0.397959042034007,68.6890261092849,27.6568695367731,0.358934879957396,2.89721043195060,1.504,4.533,5.153
190,DOPE,0.450768648785678,77.8041361428361,11.7476125624138,0.152462226401636,9.84502041956275,1.253,3.258,1.609
191,DOPE,0.474106594295101,81.8323415084950,12.3558295326623,0.160355754803826,5.17736660974383,0.916,2.197,1.792
192,DOPE,0.482432358238447,83.2693954675186,12.5728096828037,0.163171754786781,3.51219073665254,1.253,2.639,2.398
193,DOPE,0.322093605853585,27.7972024319780,67.4874959462801,0.875862549226520,3.51734546666180,1.253,6.619,6.5
194,DOPE,0.327859582942406,28.2948156395774,68.6956272110312,0.891541852696119,1.79015571375284,2.398,6.066,6.692
195,DOPE,0.329827726238003,28.4646696093819,69.1080075261613,0.896893784472462,1.20060135374639,1.609,5.549,6.635
196,DOPE,0.562383955702334,48.5346507259150,44.1881074021930,0.573479692083808,6.14137822410583,1.099,5.82,5.182
197,DOPE,0.580200096906151,50.0722127097575,45.5879723041420,0.591647342615245,3.16796754657909,0.916,5.124,5.521
198,DOPE,0.586392336545279,50.6066130692430,46.0745141897336,0.597961754051683,2.13451865042646,1.099,5.394,6.198
199,DOPE,0.748523365894485,64.5987847901977,26.1393824152593,0.339240711133509,8.17406871751501,0.916,5.347,4.234
200,DOPE,0.780419373845970,67.3514621910724,27.2532313441671,0.353696404720110,4.26119068619445,1.099,5.215,4.06
201,DOPE,0.791664146809229,68.3219044000475,27.6459130346152,0.358792684877019,2.88172573365096,1.253,5.215,5.318
202,DOPE,0.896963028298362,77.4093692593930,11.7461561709343,0.152443325140949,9.79506821623348,0.916,5.153,2.833
203,DOPE,0.943154333472352,81.3957540779178,12.3510532148428,0.160293767055687,5.14974460671133,0.693,3.932,2.079
204,DOPE,0.959627115344686,82.8173819649713,12.5667721044043,0.163093398215183,3.49312541706453,0.693,4.635,3.526
205,DOPE,0.637815697320066,27.5222664009642,67.4815760080123,0.875785719405679,3.48255617429777,2.398,6.303,6.641
206,DOPE,0.649118658276224,28.0099983646994,68.6774412431946,0.891305832557483,1.77213590127224,2.351,6.009,4.949
207,DOPE,0.652975864852120,28.1764399674875,69.0855377824043,0.896602168866170,1.18844421638990,0.916,5.389,6.292
208,DOPE,1.11357020590864,48.0514606209427,44.1813400050498,0.573391863818286,6.08023730428056,0.916,5.513,4.19
209,DOPE,1.14848552868328,49.5580852131512,45.5666192974617,0.591370220185343,3.13543974051840,0.916,4.956,4.443
210,DOPE,1.16061566360034,50.0815104064633,46.0478872159410,0.597616185308656,2.11237052868675,0.405,5.017,4.357
211,DOPE,1.48206765259402,63.9524253327923,26.1340544423113,0.339171563924785,8.09228100837765,0.405,5.384,2.639
212,DOPE,1.54456283507671,66.6491433162040,27.2360638536402,0.353473602528298,4.21675639255079,0.405,4.949,3.178
213,DOPE,1.56658249085258,67.5993093827769,27.6243476690519,0.358512806422611,2.85124765089607,1.253,4.804,4.025
214,DOPE,1.77590469178952,76.6317327019721,11.7432872796875,0.152406092252611,9.69666923429823,0.693,5.257,2.398
215,DOPE,1.86639370382432,80.5364072122519,12.3416518591003,0.160171754891931,5.09537546993153,0.405,3.555,2.079
216,DOPE,1.89864133883803,81.9279189065824,12.5548914793385,0.162939209733146,3.45560906550789,4.357,4.025,3.332
217,DOPE,2.95524133674983,25.5042137378928,67.4381231832133,0.875221782318283,3.22719995982586,2.741,6.997,4.419
218,DOPE,3.00370918759755,25.9224991794452,68.5441515996568,0.889575980155381,1.64006405314504,1.386,6.18,4.595
219,DOPE,3.02022037047150,26.0649933750448,68.9209340880133,0.894465918152465,1.09938624831799,1.253,5.505,4.949
220,DOPE,5.15711488986282,44.5067408831608,44.1316938596096,0.572747548913801,5.63170281845294,1.253,6.071,4.007
221,DOPE,5.30653914722100,45.7962965447909,45.4103827625644,0.589342559685887,2.89743898573785,1.099,5.749,4.431
222,DOPE,5.35829021039599,46.2429166431108,45.8532393065281,0.595090016397667,1.95046382356748,0.916,5.231,5.209
223,DOPE,6.86113195317993,59.2126854892459,26.0949845325609,0.338664508947086,7.49253351606615,0.693,6.161,3.466
224,DOPE,7.12817230260785,61.5172871688981,27.1106207038871,0.351845583065059,3.89207424154192,0.405,6.009,3.434
225,DOPE,7.22186576163023,62.3258769700199,27.4669656015913,0.356470279034748,2.62882138772387,1.609,6.001,3.912
226,DOPE,8.21899456435658,70.9312608324799,11.7222568462638,0.152133156225402,8.97535460067433,1.504,7.607,4.127
227,DOPE,8.60516667592839,74.2639890095881,12.2730308665242,0.159281181658395,4.69853226630097,1.253,6.916,4.82
228,DOPE,8.74208320937485,75.4456009780746,12.4683066705160,0.161815499476657,3.18219364255790,3.902,6.551,5.472
229,DOPE,16.1939986481825,13.9756844105540,67.1898902335889,0.872000178952926,1.76842652872173,3.676,6.038,7.904
230,DOPE,16.3384655275703,14.1003616788411,67.7892921465651,0.879779304258280,0.892101342765136,2.862,8.595,6.518
231,DOPE,16.3871956584070,14.1424165748958,67.9914764379882,0.882403281432367,0.596508047276576,2.197,7.874,5.832
232,DOPE,28.1824348503100,24.3218999794801,43.8489918066064,0.569078600505756,3.07759476309784,1.253,8.389,6.913
233,DOPE,28.6228830248197,24.7020139229157,44.5342842058577,0.577972425048477,1.56284642135841,3.584,9.338,5.781
234,DOPE,28.7727744500927,24.8313726625929,44.7674999628915,0.580999133101745,1.04735379132115,3.401,8.956,5.684
235,DOPE,37.4152978076652,32.2900109878364,25.8730595962290,0.335784334808941,4.08584727346048,4.174,9.82,4.19
236,DOPE,38.1956048472824,32.9634286634793,26.4126498633747,0.342787215865548,2.08552940999805,4.159,8.782,7.149
237,DOPE,38.4629905069448,33.1941868397972,26.5975497709789,0.345186873789660,1.40008600848947,5.807,9.016,7.487
238,DOPE,44.7447187476334,38.6154205543364,11.6030358163104,0.150585888338925,4.88623899338093,6.222,10.091,7.888
239,DOPE,45.8652619034036,39.5824675359790,11.8936109441474,0.154357014658558,2.50430260181145,6.708,10.023,7.405
240,DOPE,46.2513531837885,39.9156705950599,11.9937307142578,0.155656383613464,1.68358912328034,6.424,9.557,7.815
241,DOPE,0.157241245439280,27.1403508216110,65.0472165692702,4.22096124071638,3.43423012296318,1.253,5.733,7.561
242,DOPE,0.159988430882593,27.6145239718887,66.1836662710511,4.29470628925559,1.74711503692199,1.253,5.106,6.252
243,DOPE,0.160925616094944,27.7762851903081,66.5713590122465,4.31986395349092,1.17156622785947,0.916,4.29,5.966
244,DOPE,0.277285286055391,47.8603430047249,43.0150403678962,2.79127728651369,6.05605405480977,1.099,4.86,7.285
245,DOPE,0.285943739779074,49.3548203028215,44.3582192352140,2.87843714111346,3.12257958107197,0.693,4.875,7.834
246,DOPE,0.288951318064784,49.8739381053394,44.8247824027366,2.90871276473468,2.10361540912451,1.504,4.71,7.23
247,DOPE,0.371935180684835,64.1972229263712,25.6435561591457,1.66402902892271,8.12325670487558,0.693,5.024,8.1
248,DOPE,0.387681356580838,66.9150641436829,26.7291967945313,1.73447704015205,4.23358066505290,0.405,4.407,7.413
249,DOPE,0.393230601485357,67.8728818783550,27.1117967225291,1.75930422803118,2.86278656959936,1.792,5.472,6.436
250,DOPE,0.448478000750218,77.4087628352949,11.5953377721663,0.752429910005564,9.79499148178305,0.693,4.007,4.812
251,DOPE,0.471573282159144,81.3950835872769,12.1924631349081,0.791177809530184,5.14970218612562,0.405,3.892,4.489
252,DOPE,0.479809536217759,82.8166878488194,12.4054103644874,0.804996110293521,3.49309614018189,5.226,5.429,5.226
253,DOPE,0.312912113134364,27.0048246663047,65.0444033404040,4.22077868824709,3.41708119190988,1.253,5.635,6.535
254,DOPE,0.318351273886454,27.4742330921107,66.1750306026356,4.29414591444492,1.73823911692233,1.099,5.204,5.541
255,DOPE,0.320206592635841,27.6343501199414,66.5606919305124,4.31917175879104,1.16557959811934,1.253,4.533,5.694
256,DOPE,0.551783088574746,47.6197786385939,43.0117598478742,2.79106441118108,6.02561401377608,0.693,5.024,5.361
257,DOPE,0.568923660481579,49.0990378925348,44.3478757560587,2.87776594522052,3.10639674570436,1.386,4.883,5.663
258,DOPE,0.574876306776758,49.6127609564701,44.8118874269654,2.90787600036871,2.09259930941905,1.099,5.056,6.91
259,DOPE,0.740112117822690,63.8728803912648,25.6409329692031,1.66385880821753,8.08221571349187,0.916,4.997,4.635
260,DOPE,0.771280390271492,66.5627530337792,26.7207471829964,1.73392873870782,4.21129065424504,1.099,4.466,4.635
261,DOPE,0.782261491972558,67.5104399836699,27.1011837220891,1.75861554270585,2.84749925956258,1.504,3.219,5.075
262,DOPE,0.892405539264080,77.0160505378626,11.5939075627480,0.752337102675154,9.74529925745018,0.405,3.434,2.708
263,DOPE,0.938116678096351,80.9609962195674,12.1877751430034,0.790873602322401,5.12223835701037,0.405,3.611,2.079
264,DOPE,0.954412438092366,82.3673468305698,12.3994855445484,0.804611644414118,3.47414354237529,3.989,3.714,2.773
265,DOPE,0.619635885535158,26.7377927275097,65.0388603368655,4.22041899871190,3.38329205137774,1.099,6.026,3.738
266,DOPE,0.630298301705951,27.1978846624738,66.1580198503382,4.29304207434369,1.72075511113828,0.916,5.193,3.932
267,DOPE,0.633934454883845,27.3547876312424,66.5396815071614,4.31780837712319,1.15378802958914,1.386,5.333,2.485
268,DOPE,1.09258270112568,47.1458327096897,43.0052967580403,2.79064501657631,5.96564281456804,2.015,5.13,2.89
269,DOPE,1.12617447443241,48.5953450652392,44.3275071300302,2.87644421024818,3.07452912005006,1.609,5.333,4.344
270,DOPE,1.13783550238545,49.0985279112887,44.7864984421821,2.90622849066170,2.07090965348212,4.304,5.037,3.989
271,DOPE,1.46541683465593,63.2339289881403,25.6357653124420,1.66352347520799,8.00136538955381,2.398,5.609,3.638
272,DOPE,1.52648672489695,65.8691444514053,26.7041121041880,1.73284927633280,4.16740744317693,1.099,4.956,2.89
273,DOPE,1.54799041414317,66.7970461423245,27.0802941691343,1.75726000440600,2.81740926999209,1.872,4.771,3.367
274,DOPE,1.76688347336550,76.2424597854066,11.5910902412961,0.752154284634988,9.64741221529689,1.872,5.318,4.234
275,DOPE,1.85643231219312,80.1065650566727,12.1785475849754,0.790274819363850,5.06818022679498,1.946,4.043,2.079
276,DOPE,1.88833369721246,81.4831357819640,12.3878267129743,0.803855094345077,3.43684871350421,4.483,6.969,5.464
277,DOPE,2.87106008843604,24.7777158634150,64.9981733949126,4.21777879342650,3.13527185980980,2.197,6.457,6.133
278,DOPE,2.91678465264892,25.1723262948053,66.0333356909182,4.28495122846279,1.59260213316482,2.079,5.357,6.047
279,DOPE,2.93235155043027,25.3066711563617,66.3857560130453,4.30782003974475,1.06740124041799,2.251,5.71,5.268
280,DOPE,5.06002568978603,43.6688452840410,42.9578818933631,2.78756823148708,5.52567890132272,1.946,6.628,6.444
281,DOPE,5.20379828164413,44.9096261525276,44.1784618665064,2.86677255458592,2.84134114473600,1.872,5.943,6.621
282,DOPE,5.25355542560049,45.3390384034560,44.6008829458584,2.89418376596816,1.91233945911697,3.02,5.872,6.945
283,DOPE,6.78416206384431,58.5484228164868,25.5978702745266,1.66106443860823,7.40848040653401,1.792,7.681,7.076
284,DOPE,7.04513062482163,60.8006239735523,26.5825518471013,1.72496114274866,3.84673241177612,1.705,6.817,6.219
285,DOPE,7.13663976986803,61.5903627895376,26.9278323993325,1.74736664916398,2.59779839209789,4.363,5.756,5.517
286,DOPE,8.17731820871937,70.5715870999932,11.5704376272139,0.750814121471088,8.92984294260244,2.89,8.712,6.868
287,DOPE,8.55949284247765,73.8698163929320,12.1111928784756,0.785904123421580,4.67359376269310,3.526,7.524,5.953
288,DOPE,8.69494836394658,75.0388195902549,12.3028546950290,0.798341198236848,3.16503615253265,5.844,7.093,5.606
289,DOPE,15.7343558046751,13.5790051553566,64.7657124639804,4.20269423437546,1.71823234161237,5.816,9.043,7.869
290,DOPE,15.8707035855997,13.6966755095217,65.3269468280744,4.23911314086742,0.866560935936709,3.296,8.948,6.99
291,DOPE,15.9166794945324,13.7363534672448,65.5161927390710,4.25139344581221,0.579380853339585,4.311,7.891,6.194
292,DOPE,27.6552001062532,23.8668878139675,42.6878472286241,2.77004548549381,3.02001936566142,6.029,9.87,6.116
293,DOPE,28.0791987258751,24.2328055237984,43.3423204644001,2.81251473025165,1.53316055567474,6.372,8.838,5.914
294,DOPE,28.2234355864980,24.3572842821475,43.5649607290645,2.82696201911866,1.02735738317136,6.458,8.756,6.207
295,DOPE,36.9990935889549,31.9308199728558,25.3825946923330,1.64709504934860,4.04039669650765,6.006,10.216,6.279
296,DOPE,37.7619600828163,32.5891861736451,25.9059461893498,1.68105570901535,2.06185184517346,6.537,8.985,5.252
297,DOPE,38.0232880381530,32.8147164525334,26.0852257588923,1.69268929080721,1.38408045961405,7.636,8.301,6.363
298,DOPE,44.5201260546992,38.4215934048128,11.4533513427273,0.743216307226249,4.86171289053440,7.84,10.438,7.005
299,DOPE,45.6293090547884,39.3788363872024,11.7387023452783,0.761732941531183,2.49141927119979,8.234,10.235,6.702
300,DOPE,46.0114215290980,39.7086056718803,11.8370054905868,0.768111904199720,1.67485540423514,8.221,9.509,6.506
301,DOPE,0.121691418787160,21.0043350180566,46.2222290737795,29.9939409662777,2.65780352309900,1.099,2.639,1.792
302,DOPE,0.123330358088321,21.2872212765861,46.8447497787832,30.3978991840080,1.34679940253432,0.916,2.303,1.946
303,DOPE,0.123886525751200,21.3832176256611,47.0559997532945,30.5349808304709,0.901915264822209,0.405,2.197,1.386
304,DOPE,0.232391226508200,40.1114821857131,33.1010619322691,21.4795200796749,5.07554457583465,0.916,2.89,1.792
305,DOPE,0.238442350399292,41.1559258672069,33.9629646369816,22.0388150198336,2.60385212557861,0.693,3.178,1.946
306,DOPE,0.240530032520775,41.5162665972917,34.2603273913179,22.2317758760679,1.75110010280167,1.386,3.332,1.792
307,DOPE,0.333524277520246,57.5673760032593,21.1138354575502,13.7009215473926,7.28434271427764,1.099,3.178,1.386
308,DOPE,0.346130960211250,59.7433304735684,21.9119045695873,14.2187944045247,3.77983959210839,0.916,3.367,1.792
309,DOPE,0.350547673461487,60.5056695580434,22.1915056754559,14.4002295977548,2.55204749528431,1.386,3.97,1.386
310,DOPE,0.426279353113101,73.5772039910899,10.1196442739104,6.56671084527123,9.31016153661531,1.872,3.178,1.946
311,DOPE,0.447091839343031,77.1695068641194,10.6137215862748,6.88732121038756,4.88235849987518,1.099,3.497,1.609
312,DOPE,0.454488424077666,78.4461814670135,10.7893125592124,7.00126347111443,3.30875407858199,3.597,4.304,2.197
313,DOPE,0.242169866002347,20.8996535971355,46.2206819503640,29.9929370266296,2.64455755986865,0.916,2.398,1.792
314,DOPE,0.245414935618824,21.1797083867859,46.8400378311180,30.3948415668628,1.33999727961436,0,1.792,1.099
315,DOPE,0.246516038354747,21.2747353450756,47.0501949418762,30.5312140460797,0.897339628613683,0.693,1.099,2.079
316,DOPE,0.462451989061756,39.9103593533116,33.0989461910325,21.4781471597829,5.05009530681124,1.386,1.386,1.386
317,DOPE,0.474431613382485,40.9442204304971,33.9563604743726,22.0345295306352,2.59045795111265,0.693,2.944,1.792
318,DOPE,0.478563945979076,41.3008474594606,34.2521227534700,22.2264518268346,1.74201401425570,0,2.773,2.485
319,DOPE,0.663685448336381,57.2771344208263,21.1118986636865,13.6996647477537,7.24761671939720,0.405,2.565,1.386
320,DOPE,0.688640458852546,59.4307924457090,21.9057199754075,14.2147811763345,3.76006594369645,1.099,3.526,1.386
321,DOPE,0.697381122210549,60.1851259200053,22.1837613269696,14.3952042336394,2.53852739717516,1.504,4.22,1.792
322,DOPE,0.848238660275153,73.2043769941103,10.1184578571289,6.56594097078400,9.26298551770173,1.253,3.332,2.398
323,DOPE,0.889432669980137,76.7594870799492,10.6098524028936,6.88481046912199,4.85641737805506,1.386,2.773,1.386
324,DOPE,0.904067771433908,78.0225201558306,10.7844314031561,6.99809605341229,3.29088461616713,2.079,3.761,1.609
325,DOPE,0.479559672281994,20.6933901300345,46.2176335102787,29.9909588716641,2.61845781574076,1.253,1.792,1.946
326,DOPE,0.485921496990145,20.9679080435159,46.8307552963931,30.3888180624985,1.32659710060244,0.916,1.792,2.079
327,DOPE,0.488079781064890,21.0610397577770,47.0387602395589,30.5237939844958,0.888326237103394,0.916,1.609,1.946
328,DOPE,0.915720952139532,39.5141043088528,33.0947777277717,21.4754422136245,4.99995479761145,0.405,1.946,0.693
329,DOPE,0.939200758839942,40.5272770761068,33.9433539037624,22.0260894722720,2.56407878901877,0.916,2.708,2.398
330,DOPE,0.947297241385047,40.8766468869369,34.2359662870228,22.2159677781301,1.72412180652516,1.099,2.639,1.609
331,DOPE,1.31411991082264,56.7053435975919,21.1080830803077,13.6971887879199,7.17526462335790,0.693,2.079,1.609
332,DOPE,1.36302005886930,58.8154247812969,21.8935428995430,14.2068793831510,3.72113287713972,1.253,3.401,1.099
333,DOPE,1.38013899415656,59.5541207705247,22.1685162146218,14.3853115692451,2.51191245145179,0.405,3.584,2.079
334,DOPE,1.67945718537219,72.4699443099965,10.1161207322200,6.56442439341521,9.17005337899615,1.253,3.135,2.89
335,DOPE,1.76016103877832,75.9523812621766,10.6022360864681,6.87986818594298,4.80535342663395,1.386,2.89,1.386
336,DOPE,1.78881398346178,77.1887791433574,10.7748255697108,6.99186275815448,3.25571854531559,2.803,3.045,1.609
337,DOPE,2.22233638782746,19.1791247394311,46.1952536512500,29.9764364182041,2.42684880328725,0.693,2.708,1.386
338,DOPE,2.24963399567870,19.4147075382075,46.7626834632566,30.3446457543801,1.22832924847717,0.693,1.946,1.386
339,DOPE,2.25888283519655,19.4945265286085,46.9549372056904,30.4694006075462,0.822252822958392,0.405,2.485,1.609
340,DOPE,4.24169140886888,36.6064872457938,33.0641906221353,21.4555940180880,4.63203670511400,1.099,2.773,1.386
341,DOPE,4.34225892242786,37.4744012564030,33.8481192765761,21.9642910293365,2.37092951525653,0.916,3.871,1.609
342,DOPE,4.37684959539304,37.7729243941484,34.1177552529882,22.1392597775113,1.59321097995907,0.916,3.332,1.609
343,DOPE,6.08466005104693,52.5116065935210,21.0800981030092,13.6790291324066,6.64460612001617,0.693,3.091,1.099
344,DOPE,6.29375775761776,54.3161538344414,21.8045100061638,14.1491052904345,3.43647311134258,0.916,4.127,1.792
345,DOPE,6.36668759336077,54.9455501871280,22.0571729452929,14.3130601111444,2.31752916307390,1.253,4.875,2.079
346,DOPE,7.77338569012919,67.0855837195927,10.0989865230181,6.55330588031872,8.48873818694134,1.386,6.562,4.605
347,DOPE,8.11794107201600,70.0591527458865,10.5466241801237,6.84378121503439,4.43250078693937,2.639,4.828,2.708
348,DOPE,8.23968240110611,71.1098002308273,10.7047874426692,6.94641450760562,2.99931541779172,5.004,4.511,3.219
349,DOPE,12.1889860033369,10.5192933115636,46.0672669669012,29.8933849269249,1.33106879127337,0.693,3.584,1.946
350,DOPE,12.2706514090327,10.5897718858836,46.3759146300553,30.0936686426507,0.669993432377666,1.253,2.398,1.792
351,DOPE,12.2981169342880,10.6134750812140,46.4797183167586,30.1610276106937,0.447662057045595,0.693,1.792,1.099
352,DOPE,23.2062456989792,20.0273677483052,32.8897841344751,21.3424203784813,2.53418203975923,2.14,5.278,1.946
353,DOPE,23.5040635778813,20.2843894251487,33.3118759228469,21.6163188129893,1.28335226113386,2.398,4.466,1.946
354,DOPE,23.6050421921193,20.3715356127868,33.4549910508848,21.7091872615208,0.859243882688286,4.151,3.912,1.946
355,DOPE,33.2129875509074,28.6633488385054,20.9209577107446,13.5757617732466,3.62694412659601,3.651,4.511,1.099
356,DOPE,33.8264202318254,29.1927512265062,21.3073607452865,13.8265015155628,1.84696628081919,3.871,6.548,2.079
357,DOPE,34.0359644943461,29.3735913356512,21.4393532873005,13.9121524370456,1.23893844565659,4.197,6.623,2.485
358,DOPE,42.3421442554829,36.5419596627665,10.0017900526876,6.49023438308369,4.62387164597931,5.582,6.771,5.106
359,DOPE,43.3442351552378,37.4067804195123,10.2384975451703,6.64383559830136,2.36665128177833,5.649,8.226,2.833
360,DOPE,43.6888897113539,37.7042229111158,10.3199096363997,6.69666449701973,1.59031324411090,5.911,7.324,5.231
361,DOTAP,0.144249737867323,27.9367212130860,67.4904535096687,0.875900932914826,3.55267460646315,3.512,5.442,4.875
362,DOTAP,0.146858439104072,28.4419461116319,68.7109925008826,0.891741265665146,1.80846168271631,2.674,5.283,5.652
363,DOTAP,0.147749101063838,28.6144398383655,69.1277085412520,0.897149467114968,1.21295305220369,3.714,5.704,4.727
364,DOTAP,0.251872092596273,48.7798490052760,44.1914886824273,0.573523574831036,6.20326664486937,3.512,6.038,4.927
365,DOTAP,0.259934301508292,50.3412499898927,45.6060202020504,0.591881570862250,3.20091393568639,2.015,5.617,5.043
366,DOTAP,0.262737636717621,50.8841694805464,46.0978712638300,0.598264885560323,2.15695673334572,2.14,5.58,3.611
367,DOTAP,0.335245911018041,64.9267838708474,26.1420447001440,0.339275262654397,8.25665025533613,1.504,4.663,4.585
368,DOTAP,0.349681917484464,67.7225926816315,27.2677459061357,0.353884776818800,4.30609471792954,1.504,4.407,5.602
369,DOTAP,0.354774222164870,68.7088148979896,27.6648372716282,0.359038286380526,2.91253532183684,1.386,5.17,2.708
370,DOTAP,0.401736639007676,77.8039853033385,11.7475897872239,0.152461930821905,9.89422633960806,1.792,3.401,2.485
371,DOTAP,0.422645384485107,81.8533638460963,12.3590036862425,0.160396949431178,5.20459013374484,0.916,3.584,2.89
372,DOTAP,0.430107156020702,83.2984786464946,12.5772009393053,0.163228745153069,3.53098451302624,1.872,4.736,2.773
373,DOTAP,0.287058282825521,27.7971639247618,67.4874024564550,0.875861335901956,3.55251400005570,1.609,5.583,6.24
374,DOTAP,0.292249382947668,28.2998418465581,68.7078300981405,0.891700223541883,1.80837844881187,3.114,5.288,6.223
375,DOTAP,0.294021724782934,28.4714657970698,69.1245076646253,0.897107925672028,1.21289688784997,2.442,5.442,2.773
376,DOTAP,0.501210836972745,48.5345333326149,44.1880005221047,0.573478304978460,6.20277700332919,2.14,5.557,4.304
377,DOTAP,0.517252857623615,50.0879554228170,45.6023051711776,0.591833356650638,3.20065319173111,1.609,5.464,5.438
378,DOTAP,0.522830858476678,50.6280987085598,46.0940756725821,0.598215625824433,2.15677913455700,1.946,6.014,3.807
379,DOTAP,0.667102463651912,64.5985768263504,26.1392982643492,0.339239619010744,8.25578282663777,1.099,4.5,2.773
380,DOTAP,0.695825379754491,67.3799479104443,27.2647578630398,0.353845997560413,4.30562284920095,1.099,5.273,5.298
381,DOTAP,0.705957333168665,68.3610712111192,27.6617615719509,0.358998369502262,2.91221151425896,0.693,5.67,4.5
382,DOTAP,0.799395037264230,77.4090706345551,11.7461108573758,0.152442737054989,9.89298073374994,0.693,3.892,2.565
383,DOTAP,0.840994762160418,81.4373618957663,12.3573668165561,0.160375705898044,5.20390081961916,1.609,3.555,3.829
384,DOTAP,0.855840458369662,82.8749384291575,12.5755057657613,0.163206744943981,3.53050860176748,1.504,4.984,3.871
385,DOTAP,0.568437332777608,27.5221909025660,67.4813908942276,0.875783316972026,3.55219755345681,3.068,5.521,5.743
386,DOTAP,0.578715898776510,28.0198511358306,68.7015991564379,0.891619357473182,1.80821445148180,1.386,5.537,5.338
387,DOTAP,0.582225192131272,28.1897615834272,69.1182009223319,0.897026075852222,1.21278622625746,1.792,5.886,4.143
388,DOTAP,0.992439642291477,48.0512304864862,44.1811284058906,0.573389117653587,6.20181234767804,1.609,5.328,5.293
389,DOTAP,1.02419909526908,49.5889368921150,45.5949861462611,0.591738369279550,3.20013949707529,2.442,5.714,5.606
390,DOTAP,1.03524215968321,50.1236120610909,46.0865979542586,0.598118578907202,2.15642924606008,2.442,5.513,4.19
391,DOTAP,1.32085103577167,63.9520176880823,26.1338878589646,0.339169401981855,8.25407401519961,0.916,4.419,4.159
392,DOTAP,1.37770962171720,66.7049559041497,27.2588715767929,0.353769604480400,4.30469329285979,1.253,5.242,3.892
393,DOTAP,1.39776613676358,67.6760378583367,27.6557026356090,0.358919735744177,2.91157363354651,1.946,5.1,3.784
394,DOTAP,1.58272301745479,76.6311473938993,11.7431975852410,0.152404928185024,9.89052707521983,0.916,3.871,3.219
395,DOTAP,1.66506486300240,80.6179157881518,12.3541424891409,0.160333860107356,5.20254299959749,0.693,3.135,3.611
396,DOTAP,1.69444968753593,82.0406491376638,12.5721666138294,0.163163408943996,3.52957115202685,1.946,7.315,4.043
397,DOTAP,2.63375888544924,25.5038895782810,67.4372660418776,0.875210658213221,3.54987483617895,2.079,5.598,5.13
398,DOTAP,2.68135119104957,25.9647475989268,68.6558646736837,0.891025808696611,1.80701072764331,1.872,5.591,4.564
399,DOTAP,2.69759983049153,26.1220905920210,69.0719102832190,0.896425309197447,1.21197398507103,3.332,5.268,2.197
400,DOTAP,4.59606069076027,44.5057537346415,44.1307150295406,0.572734845514638,6.19473569954304,2.079,5.561,4.868
401,DOTAP,4.74296785213737,45.9283228402341,45.5412965058829,0.591041577308989,3.19637122443656,1.792,5.553,4.691
402,DOTAP,4.79404635823092,46.4229393316793,46.0317449895334,0.597406689143874,2.15386263141250,2.197,5.852,3.178
403,DOTAP,6.11464906956500,59.2109382304084,26.0942145169475,0.338654515572333,8.24154366750674,2.015,6.014,5.136
404,DOTAP,6.37744919990669,61.7557518587254,27.2157119075910,0.353209472009030,4.29787756176791,3.219,5.986,4.736
405,DOTAP,6.47014212882984,62.6533398030905,27.6112782179397,0.358343189183037,2.90689666095696,3.114,7.55,4.754
406,DOTAP,7.32473509046623,70.9287535656653,11.7218424898117,0.152127778647032,9.87254107540973,1.253,6.726,5.011
407,DOTAP,7.70507861609976,74.6117935482403,12.3305098128523,0.160027151793335,5.19259087101429,1.504,6.632,4.745
408,DOTAP,7.84079203321032,75.9259685182428,12.5476932712950,0.162845790341028,3.52270038691084,2.398,7.511,3.892
409,DOTAP,14.4315318604707,13.9747110887149,67.1852108643638,0.871939449417762,3.53660673703286,6.13,8.143,5.911
410,DOTAP,14.6913189483132,14.2262747849516,68.3946355079351,0.887635538546020,1.80013522025403,6.897,7.81,4.635
411,DOTAP,14.7800056440311,14.3121541608940,68.8075115913808,0.892993904475750,1.20733469921835,4.673,7.274,3.584
412,DOTAP,25.1139170207971,24.3189522820450,43.8436775194500,0.569009630913230,6.15444354679465,6.752,10.391,5.9
413,DOTAP,25.9112640808557,25.0910598385737,45.2356797046663,0.587075237962021,3.17492113794228,7.247,8.141,6.671
414,DOTAP,26.1884179532862,25.3594405851072,45.7195327410544,0.593354753121973,2.13925396743026,4.016,4.796,4.159
415,DOTAP,33.3401774010863,32.2848157306764,25.8688967856877,0.335730309247591,8.17037977330196,5.25,10.373,5.82
416,DOTAP,34.7601974728261,33.6598859889555,26.9707011410612,0.350029686605057,4.25918571055214,7.638,9.74,6.094
417,DOTAP,35.2608051983034,34.1446473018890,27.3591264761965,0.355070727162949,2.88035029644815,6.446,7.168,5.656
418,DOTAP,39.8700513205258,38.6079907305426,11.6008033270522,0.150556914768260,9.77059770711120,4.82,8.678,5.124
419,DOTAP,41.9178642627909,40.5909814836083,12.1966459308860,0.158289846841293,5.13621847587356,5.239,9.084,6.18
420,DOTAP,42.6480295878872,41.2980338993791,12.4090987382471,0.161047090310420,3.48379068417618,6.284,8.605,5.529
421,DOTAP,0.140137627968574,27.1403324671696,65.0471725792228,4.22095838617018,3.45139893946882,2.14,4.19,6.282
422,DOTAP,0.142598448640614,27.6169174654275,66.1894027515262,4.29507853365005,1.75600280075557,0.405,4.331,4.745
423,DOTAP,0.143438040644302,27.7795205182062,66.5791131151999,4.32036712287694,1.17756120307257,0.693,2.639,2.197
424,DOTAP,0.247123978746868,47.8602859276583,43.0149890692183,2.79127395770513,6.08632706667137,1.099,2.89,1.386
425,DOTAP,0.254880406325792,49.3624665075718,44.3650913507349,2.87888307769285,3.13867865767463,1.099,5.011,7.043
426,DOTAP,0.257575225873104,49.8843698643882,44.8341580676069,2.90932115845405,2.11457568367774,0.693,4.779,7.156
427,DOTAP,0.331478332579416,64.1971202330174,25.6435151383248,1.66402636705178,8.16385992902668,0.693,3.332,3.178
428,DOTAP,0.345584864725468,66.9291200388690,26.7348114164907,1.73484137705871,4.25564230285613,0.693,4.977,6.907
429,DOTAP,0.350557691869168,67.8922031446574,27.1195145949682,1.75980504639274,2.87791952211248,0.916,4.796,6.494
430,DOTAP,0.399695158371458,77.4086135249274,11.5953154064278,0.752428458676512,9.84394745159685,1.099,2.398,3.401
431,DOTAP,0.420386469970203,81.4158818376012,12.1955785798364,0.791379973019775,5.17677313957236,0,3.85,3.332
432,DOTAP,0.427767996212745,82.8454556019201,12.4097195899799,0.805275739073051,3.51178107281426,1.253,3.611,3.738
433,DOTAP,0.278875506331896,27.0047883231448,65.0443158034851,4.22077300791269,3.45124735912550,1.705,2.89,6.335
434,DOTAP,0.283772349185492,27.4789719703659,66.1864447670459,4.29488658788357,1.75592432551911,0.693,3.296,5.215
435,DOTAP,0.285443070623018,27.6407555538751,66.5761201968873,4.32017291022864,1.17750826838594,1.253,1.946,2.708
436,DOTAP,0.491763097892449,47.6196656292747,43.0116577741175,2.79105778754069,6.08585571117465,1.504,1.946,3.258
437,DOTAP,0.507196728424300,49.1141745269985,44.3615476651913,2.87865312535794,3.13842795402798,1.099,5.293,6.652
438,DOTAP,0.512558824904850,49.6334108067642,44.8305390550732,2.90908631809592,2.11440499516183,1.504,5.011,6.428
439,DOTAP,0.659606176019985,63.8726770749800,25.6408513505381,1.66385351192293,8.16301188653899,1.099,4.431,4.99
440,DOTAP,0.687673615507208,66.5905753662092,26.7319160946928,1.73465349751931,4.25518142607150,0.405,1.386,3.611
441,DOTAP,0.697567875058451,67.5486816850825,27.1165353532750,1.75961172123023,2.87760336535385,0.405,4.248,6.161
442,DOTAP,0.795333308945191,77.0157549399482,11.5938630637784,0.752334215104616,9.84271447222361,0.916,1.609,3.258
443,DOTAP,0.836500486150467,81.0021606337018,12.1939719865057,0.791275720008868,5.17609117363314,0,3.401,3.784
444,DOTAP,0.851186550114341,82.4242792480651,12.4080560851195,0.805167793031549,3.51131032366954,1.099,2.303,3.367
445,DOTAP,0.552235072117288,26.7377214716658,65.0386870092119,4.22040775135426,3.45094869565075,0.916,5.303,6.766
446,DOTAP,0.561931048206559,27.2071742847167,66.1806165713838,4.29450839202384,1.75576970366908,1.099,4.394,4.745
447,DOTAP,0.565239147441242,27.3673434597720,66.5702231747730,4.31979024817032,1.17740396984349,0.693,1.946,2.565
448,DOTAP,0.973735178259694,47.1456111681746,43.0050946731889,2.79063190314318,6.08492707723361,1.504,5.398,7.419
449,DOTAP,1.00429034585416,48.6250093482440,44.3545661768306,2.87820009149536,3.13793403757590,0.693,5.638,7.412
450,DOTAP,1.01490603987908,49.1389924043702,44.8234091813316,2.90862365539793,2.11406871902124,1.099,5.22,6.261
451,DOTAP,1.30601155697501,63.2335304516080,25.6356037411277,1.66351299072778,8.16134125956147,0.693,4.99,7.476
452,DOTAP,1.36157286080912,65.9236577932545,26.7262124427311,1.73428338339098,4.25427351981434,1.099,5.236,7.001
453,DOTAP,1.38115895402499,66.8719632007984,27.1106664101079,1.75923088123524,2.87698055383354,2.015,4.654,6.916
454,DOTAP,1.57468318197822,76.2418804086891,11.5910021590407,0.752148568913306,9.84028568137875,1.099,2.996,3.912
455,DOTAP,1.65616906569366,80.1872054571373,12.1908072912009,0.791070360626486,5.17474782534165,1.253,3.091,4.22
456,DOTAP,1.68523800469356,81.5946444875421,12.4047793070102,0.804955160514384,3.51038304023976,1.253,3.296,3.296
457,DOTAP,2.55873612156693,24.7774099082995,64.9973707977823,4.21772671231439,3.44875646003686,5.489,6.936,6.485
458,DOTAP,2.60363259522872,25.2121629576581,66.1378372653917,4.29173241171260,1.75463477000880,4.668,6.157,3.555
459,DOTAP,2.61895026588688,25.3604909550388,66.5269388656448,4.31698149783791,1.17663841559161,5.885,3.258,2.079
460,DOTAP,4.50953592747693,43.6678949538865,42.9569470353362,2.78750756786909,6.07811451543131,6.134,6.468,5.624
461,DOTAP,4.65087879710800,45.0365824824463,44.3033512468138,2.87487671739961,3.13431075623230,6.306,7.005,5.953
462,DOTAP,4.69998281945845,45.5120791464706,44.7711064485137,2.90522969298645,2.11160189257075,6.244,5.638,6.859
463,DOTAP,6.04605541280849,58.5467145395636,25.5971234012725,1.66101597345901,8.14909067289638,5.697,6.288,5.193
464,DOTAP,6.30286865359605,61.0335543833593,26.6843910107611,1.73156956022241,4.24761639206113,5.773,6.845,5.204
465,DOTAP,6.39339089346247,61.9101225546853,27.0676340983966,1.75643848319868,2.87241397025691,5.717,5.231,5.352
466,DOTAP,7.28759459519895,70.5691051956447,11.5700307110506,0.750787716384996,9.82248178172080,3.481,5.727,2.773
467,DOTAP,7.66399168889616,74.2139300762647,12.1676114184757,0.789565163557627,5.16490165280572,3.784,6.144,5.22
468,DOTAP,7.79824898581560,75.5140047697489,12.3807628264264,0.803396713604136,3.50358670440491,2.398,3.638,2.708
469,DOTAP,14.0219417633343,13.5780863001879,64.7613299404471,4.20240984923268,3.43623214679810,7.643,8.379,6.39
470,DOTAP,14.2670665265291,13.8154517981445,65.8934559992890,4.27587433343375,1.74815134260366,8.974,4.575,4.691
471,DOTAP,14.3506904558212,13.8964286662455,66.2796790322475,4.30093662723158,1.17226521845420,8.962,3.932,2.303
472,DOTAP,24.6441437395420,23.8640493690203,42.6827704416875,2.76971604909334,6.03932040065689,8.723,9.966,7.224
473,DOTAP,25.4114842146857,24.6071001795986,44.0117765413645,2.85595622248244,3.11368284186881,9.233,6.946,5.737
474,DOTAP,25.6779946525633,24.8651744025900,44.4733630326814,2.88590890596140,2.09755900620396,8.639,6.542,5.991
475,DOTAP,32.9693634421094,31.9257396468298,25.3785562161357,1.64683298968795,8.07950770523718,6.978,10.418,6.718
476,DOTAP,34.3573143731552,33.2697558922435,26.4469478091561,1.71616169800007,4.20982022744512,8.448,6.495,5.313
477,DOTAP,34.8463032811710,33.7432661738392,26.8233527862476,1.74058689100466,2.84649086773754,8.674,6.717,5.468
478,DOTAP,39.6699649597209,38.4142379735883,11.4511587127340,0.743074025869638,9.72156432808723,5.807,9.422,5.883
479,DOTAP,41.6967533074759,40.3768696520334,12.0362127976274,0.781038611386192,5.10912563147703,7.031,4.86,2.639
480,DOTAP,42.4191695284892,41.0764182565800,12.2447459488887,0.794570479393812,3.46509578664832,6.692,5.951,3.664
481,DOTAP,0.108454682693107,21.0043240247537,46.2222048818703,29.9939252679717,2.67109114271121,1.253,2.833,2.708
482,DOTAP,0.109922751127705,21.2886435610348,46.8478796639968,30.3999301893102,1.35362383453049,1.386,2.197,2.197
483,DOTAP,0.110420979359349,21.3851349891212,47.0602191114886,30.5377188027221,0.906506117308783,1.872,2.303,2.639
484,DOTAP,0.207113245806518,40.1114420946534,33.1010288480604,21.4794986110910,5.10091720038863,1.504,3.466,2.639
485,DOTAP,0.212533833234572,41.1612425450916,33.9673521009781,22.0416620771638,2.61720944353198,1.386,3.219,2.398
486,DOTAP,0.214404303124140,41.5234948210048,34.2662923137728,22.2356465576765,1.76016200442171,1.099,3.401,2.833
487,DOTAP,0.297245583081457,57.5672934255570,21.1138051707430,13.7009018940629,7.32075392655563,1.504,3.367,2.398
488,DOTAP,0.308539283953970,59.7545346462626,21.9160138946101,14.2214609754498,3.79945119972348,0.916,4.234,2.303
489,DOTAP,0.312497007723656,60.5210235649032,22.1971370242677,14.4038838209977,2.56545858210775,2.079,5.124,1.792
490,DOTAP,0.379911187471947,73.5770690959468,10.1196257207338,6.56669880597983,9.35669518986764,0.693,2.944,1.609
491,DOTAP,0.398557072696901,77.1882014626472,10.6162927995947,6.88898968943054,4.90795897563057,1.386,3.178,1.609
492,DOTAP,0.405185857924227,78.4719925295507,10.7928625550948,7.00356708928822,3.32639196814207,0.693,5.153,2.303
493,DOTAP,0.215828220490389,20.8996318291485,46.2206338093172,29.9929057875538,2.67100035349006,1.099,2.996,3.219
494,DOTAP,0.218749622079895,21.1825244810318,46.8462657714939,30.3988829227152,1.35357720267919,0.916,1.946,2.303
495,DOTAP,0.219741077121508,21.2785315986264,47.0585905560502,30.5366620212414,0.906474746960427,1.099,2.079,2.398
496,DOTAP,0.412149112306607,39.9102799733367,33.0988803586631,21.4781044406791,5.10058611501447,1.386,3.332,2.639
497,DOTAP,0.422935199332950,40.9547460177470,33.9650896828202,22.0401939775497,2.61703512255016,0.693,2.639,2.303
498,DOTAP,0.426657121574438,41.3151567386763,34.2639898995059,22.2341525042960,1.76004373594743,0.693,3.045,2.197
499,DOTAP,0.591493037354441,57.2769709268074,21.1118384010845,13.6996256429125,7.32007199184117,0.916,3.932,1.946
500,DOTAP,0.613964353702058,59.4529710685610,21.9138948403495,14.2200859057124,3.79908383167509,1.253,4.007,1.386
501,DOTAP,0.621839083056537,60.2155170594832,22.1949632605757,14.4024732499119,2.56520734697266,2.14,4.635,1.792
502,DOTAP,0.755970866293787,73.2041099315192,10.1184209431944,6.56591701706319,9.35558124192941,0.405,3.526,2.079
503,DOTAP,0.793068972297711,76.7964888858518,10.6149668677527,6.88812928260479,4.90734599149305,0.916,3.584,1.386
504,DOTAP,0.806257588785841,78.0736028254074,10.7914921536271,7.00267782579863,3.32596960638104,0.916,5.176,1.792
505,DOTAP,0.427395888354404,20.6933474491967,46.2175381848000,29.9908970142670,2.67082146338194,2.079,2.89,2.89
506,DOTAP,0.433180628961158,20.9734288691185,46.8430857793527,30.3968194026628,1.35348531990484,1.253,2.079,2.303
507,DOTAP,0.435143831588164,21.0684818052387,47.0553816737458,30.5345797541519,0.906412935275450,0,2.565,2.639
508,DOTAP,0.816112484582018,39.5139486860926,33.0946473869542,21.4753576345191,5.09993380785212,0.693,3.466,1.792
509,DOTAP,0.837467632029873,40.5479068920753,33.9606322702085,22.0373015300539,2.61669167563247,1.253,3.466,2.398
510,DOTAP,0.844836554629100,40.9046900989965,34.2594536945225,22.2312089278564,1.75981072399554,1.253,3.497,2.708
511,DOTAP,1.17117318907580,56.7050231064293,21.1079637801914,13.6971113732058,7.31872855109767,1.099,3.664,2.485
512,DOTAP,1.21565856429009,58.8588840835701,21.9097202561164,14.2173769876105,3.79836010841279,1.099,4.644,2.303
513,DOTAP,1.23124763732067,59.6136646357999,22.1906809133153,14.3996944035971,2.56471240996710,1.872,5.964,2.485
514,DOTAP,1.49676762442031,72.4694208502884,10.1160476621817,6.56437697773537,9.35338688537424,1.099,4.29,3.332
515,DOTAP,1.57020111710076,76.0248710075079,10.6123549712362,6.88643440393936,4.90613850021586,0.693,3.466,1.386
516,DOTAP,1.59630679112101,77.2888368003854,10.7887926749475,7.00092611442993,3.32513761911611,1.386,5.38,2.708
517,DOTAP,1.98058838200177,19.1789414261371,46.1948121188950,29.9761499046444,2.66950816832164,0.916,2.639,3.401
518,DOTAP,2.00738199516696,19.4383962134921,46.8197405176478,30.3816704923777,1.35281078131539,0.916,2.303,2.833
519,DOTAP,2.01647502568363,19.5264481788827,47.0318243812742,30.5192932555585,0.905959158600885,1.099,1.946,2.565
520,DOTAP,3.78024308485166,36.6058194422274,33.0635874398559,21.4552026087155,5.09514742434953,2.079,4.394,3.135
521,DOTAP,3.87906512833938,37.5627584008143,33.9279263732262,22.0160784353872,2.61417166223293,2.803,5.242,3.584
522,DOTAP,3.91316407041453,37.8929540228302,34.2261699855024,22.2096108867517,1.75810103450107,4.277,4.977,4.043
523,DOTAP,5.42267448279058,52.5102324256471,21.0795464612776,13.6786711680707,7.30887546221397,2.14,4.605,2.303
524,DOTAP,5.62835937129758,54.5019730946145,21.8791047193707,14.1975103429202,3.79305247179702,2.803,5.273,2.485
525,DOTAP,5.70043284088907,55.1998934016480,22.1592757043157,14.3793153348320,2.56108271831529,3.829,4.913,2.833
526,DOTAP,6.92762352007063,67.0833409511770,10.0986488992434,6.55308679379324,9.33729983571576,0.693,3.951,1.609
527,DOTAP,7.26688913363909,70.3686047594781,10.5932087299108,6.87401026854942,4.89728710842251,1.705,4.595,2.197
528,DOTAP,7.38748457691304,71.5363854875831,10.7690050960015,6.98808581038864,3.31903902911378,1.253,5.684,2.485
529,DOTAP,10.8625901188718,10.5187418809060,46.0648520800294,29.8918178892522,2.66199803094053,4.363,7.878,6.353
530,DOTAP,11.0091214165378,10.6606348254760,46.6862455486419,30.2950446350815,1.34895357426286,4.443,6.004,3.401
531,DOTAP,11.0588476567840,10.7087870138706,46.8971190029809,30.4318819548633,0.903364371501232,4.103,4.787,4.06
532,DOTAP,20.6799804146770,20.0253690605764,32.8865018055751,21.3402904513612,5.06785826781030,5.503,9.21,2.996
533,DOTAP,21.2176198659823,20.5459898840988,33.7414871794275,21.8950966851632,2.59980638532810,6.449,9.339,6.738
534,DOTAP,21.4030995825172,20.7255983606245,34.0364477601634,22.0864987534592,1.74835554323583,5.838,7.827,4.443
535,DOTAP,29.5961003256446,28.6592549843156,20.9179696666447,13.5738228096758,7.25285221371927,5.268,6.897,2.197
536,DOTAP,30.7097673460372,29.7376695981962,21.7050886686414,14.0845900606805,3.76288432644476,5.782,7.683,4.369
537,DOTAP,31.0998511542474,30.1154055567091,21.9807926018559,14.2634963502021,2.54045433698548,5.476,7.054,3.434
538,DOTAP,37.7296126327812,36.5353062398358,9.99996896427581,6.48905266555490,9.24605949755231,5.472,6.452,2.197
539,DOTAP,39.5584096804512,38.3062139042596,10.4846787835007,6.80358439617307,4.84711323561553,5.984,7.391,6.001
540,DOTAP,40.2080529661531,38.9352931535161,10.6568621758429,6.91531545304274,3.28447625144517,5.709,6.306,5.756
541,DSPC,0.171870872401610,27.9339380820852,67.4837299299047,0.875813673317630,3.53464744229091,1.792,6.196,6.858
542,DSPC,0.174963035633599,28.4365031476784,68.6978432088500,0.891570612238483,1.79911999559956,1.792,5.759,6.293
543,DSPC,0.176018631096277,28.6080676360768,69.1123143645682,0.896949679248424,1.20664968901031,1.386,5.384,5.971
544,DSPC,0.300078597002978,48.7713644046275,44.1838021655319,0.573423818095537,6.17133101474200,1.386,5.242,3.85
545,DSPC,0.309632830451724,50.3242009140938,45.5905748069626,0.591681118275800,3.18391033021610,1.609,5.204,5.861
546,DSPC,0.312954224411687,50.8640225367306,46.0796193943024,0.598028010139944,2.14537583441537,1.099,5.38,6.373
547,DSPC,0.399386568734512,64.9117533759710,26.1359928391785,0.339196720721578,8.21367049539432,1.099,4.963,3.466
548,DSPC,0.416491175117798,67.6917416831967,27.2553240960283,0.353723564758490,4.28271948089870,1.386,4.431,3.045
549,DSPC,0.422523000062787,68.6720859508489,27.6500487710942,0.358846359067246,2.89649591892691,1.386,4.357,3.912
550,DSPC,0.478576608997986,77.7824024308542,11.7443309987263,0.152419637790271,9.84227032363131,1.099,4.868,2.565
551,DSPC,0.503346994952538,81.8082994188380,12.3521994280370,0.160308642777420,5.17584551539502,0.693,3.219,1.946
552,DSPC,0.512183605680947,83.2445016879815,12.5690509818950,0.163122973819085,3.51114075062346,1.609,3.296,2.565
553,DSPC,0.341990860677075,27.7916536795996,67.4740243962364,0.875687713488463,3.51664334999840,1.099,6.37,4.691
554,DSPC,0.348111785657518,28.2890664669428,68.6816690702498,0.891360701912618,1.78979197523719,0.693,5.737,4.905
555,DSPC,0.350201075908788,28.4588512120220,69.0938813179862,0.896710452485853,1.20035594159712,1.386,5.565,3.912
556,DSPC,0.597036179240830,48.5177372716990,44.1727086402721,0.573279844709390,6.13923806407865,0,4.804,2.398
557,DSPC,0.615943291750988,50.0542108544235,45.5715826133738,0.591434634821957,3.16682860562980,0,4.942,4.205
558,DSPC,0.622514615389111,50.5882249810165,46.0577728553401,0.597744482576223,2.13374306567805,1.386,5.136,4.522
559,DSPC,0.794553234019358,64.5688258047422,26.1272597510306,0.339083381431971,8.17027782877591,0.693,4.754,2.485
560,DSPC,0.828394291589656,67.3188962314287,27.2400537886510,0.353525384485842,4.25913030384481,1.609,4.344,2.398
561,DSPC,0.840324462872599,68.2883934512592,27.6323530967879,0.358616702029437,2.88031228705092,1.099,4.419,3.296
562,DSPC,0.952033520427035,77.3663537051703,11.7396289582401,0.152358614024179,9.78962520213840,1.946,4.431,1.792
563,DSPC,1.00103216918506,81.3481954256052,12.3438366290124,0.160200109153974,5.14673566704336,1.099,3.296,2.079
564,DSPC,1.01850542992938,82.7681480240401,12.5593013090132,0.162996441144777,3.49104879587260,1.099,3.091,1.946
565,DSPC,0.677084125324466,27.5113894647910,67.4549069545118,0.875439604546076,3.48117985082660,0.693,6.409,5.717
566,DSPC,0.689078150184807,27.9987325833808,68.6498187840820,0.890947344261021,1.77142313809136,1.099,5.549,6.026
567,DSPC,0.693171148220189,28.1650399280937,69.0575861372295,0.896239408345060,1.18796337811155,1.609,5.583,5.142
568,DSPC,1.18178105823982,48.0183152127048,44.1508641666041,0.572996343949359,6.07604321850191,1.099,5.159,4.111
569,DSPC,1.21880873085875,49.5228294736260,45.5342030962690,0.590949518006150,3.13320918124006,1.792,4.745,4.663
570,DSPC,1.23167235462472,50.0455062727379,46.0147828970888,0.597186552638281,2.11085192291038,1.386,5.063,5.268
571,DSPC,1.57249158119096,63.8937270896998,26.1100675008831,0.338860257906198,8.08485357031990,0,4.654,3.296
572,DSPC,1.63873629616528,66.5853928450730,27.2100123274534,0.353135502028091,4.21272302928017,0.693,4.111,2.639
573,DSPC,1.66207584681964,67.5337291654343,27.5975484200563,0.358165001866914,2.84848156582286,1.099,4.22,3.367
574,DSPC,1.88391338810169,76.5474672931708,11.7303741839189,0.152238504215454,9.68600663059309,0.693,3.045,1.609
575,DSPC,1.97979492180057,80.4433409629414,12.3273900949047,0.159986663639549,5.08948735671379,1.099,2.944,1.386
576,DSPC,2.01396169711515,81.8316107912806,12.5401329214216,0.162747671019511,3.45154691916315,1.099,2.079,2.079
577,DSPC,3.13268849584656,25.4575790681267,67.3148120066128,0.873621431913056,3.22129899750089,2.773,6.673,6.064
578,DSPC,3.18397111057947,25.8743237336478,68.4167663102501,0.887922755320923,1.63701609020174,1.099,6.612,5.981
579,DSPC,3.20144047581524,26.0162873369072,68.7921458088119,0.892794485112163,1.09733189335353,1.792,5.841,3.526
580,DSPC,5.45933566006458,44.3649183153081,43.9910663945860,0.570922465195998,5.61375716484525,2.944,6.148,3.219
581,DSPC,5.61699797314799,45.6461503326970,45.2615017945398,0.587410360804347,2.88793953881082,2.197,5.159,3.611
582,DSPC,5.67159538838214,46.0898324980581,45.7014451627609,0.593120009897153,1.94400694090172,1.946,5.293,2.639
583,DSPC,7.25557331017113,58.9619208782381,25.9844727631403,0.337230271111956,7.46080277733854,2.773,4.754,3.178
584,DSPC,7.53672334239603,61.2466674098072,26.9913587861183,0.350297784530562,3.87495267714787,1.792,4.745,3.738
585,DSPC,7.63534534872939,62.0481124074243,27.3445549744641,0.354881616091713,2.61710565329057,1.946,4.787,3.555
586,DSPC,8.68421992183843,70.5717199773673,11.6628383303529,0.151362014073996,8.92985975636743,3.091,4.7,3.584
587,DSPC,9.09008588235213,73.8699619808533,12.2079130893835,0.158436073664881,4.67360297374619,2.197,3.296,1.386
588,DSPC,9.23393842258947,75.0389698225518,12.4011059075409,0.160943358189681,3.16504248912820,3.829,3.989,3.219
589,DSPC,17.0268937332938,13.8367888819658,66.5221322157615,0.863333918165502,1.75085125081329,0.693,7.304,5.659
590,DSPC,17.1772679385729,13.9589894526824,67.1096270884083,0.870958512167678,0.883157008168731,1.099,7.217,4.727
591,DSPC,17.2279846565263,14.0002040470823,67.3077715221550,0.873530059480599,0.590509714755748,1.099,6.513,3.091
592,DSPC,29.4155019045558,23.9043066859891,43.0961293690408,0.559307842166938,3.02475419824737,0.693,6.244,2.565
593,DSPC,29.8672066988166,24.2713815014581,43.7579140400365,0.567896579989405,1.53560117969933,2.485,6.79,3.689
594,DSPC,30.0208736621875,24.3962579095453,43.9830487786742,0.570818411409252,1.02900123818378,2.708,6.915,3.664
595,DSPC,38.8338943227392,31.5580989477619,25.2865994727196,0.328173169931740,3.99323408684751,0.693,4.836,3.466
596,DSPC,39.6250549227937,32.2010302049928,25.8017618472657,0.334859022241250,2.03729400270644,0,5.553,3.367
597,DSPC,39.8959877782359,32.4212019392306,25.9781791424932,0.337148591586786,1.36748254845353,0.693,5.714,4.331
598,DSPC,46.2359086175144,37.5732953013886,11.2899014140055,0.146521984470398,4.75437268262108,1.099,4.29,2.197
599,DSPC,47.3617865380988,38.4882323027003,11.5648187046497,0.150089901099010,2.43507255345221,1.609,4.431,1.946
600,DSPC,47.7493637551823,38.8031942806304,11.6594574540985,0.151318136569678,1.63666637351919,1.099,4.852,3.584
601,DSPC,0.166971844337011,27.1377057437798,65.0408771172985,4.22054986906251,3.43389542552227,2.303,5.787,5.159
602,DSPC,0.169888745263043,27.6117856662286,66.1771033801556,4.29428041848727,1.74694178986550,1.946,4.913,5.011
603,DSPC,0.170883825583456,27.7735147112302,66.5647190113945,4.31943307900139,1.17144937279046,1.386,4.718,3.219
604,DSPC,0.294422693752370,47.8521181763802,43.0076482076848,2.79079760385571,6.05501331832691,2.079,4.745,4.691
605,DSPC,0.303614647421244,49.3460738481693,44.3503582572870,2.87792703653260,3.12202621058989,1.386,5.088,4.787
606,DSPC,0.306807517795118,49.8650067079474,44.8167552053695,2.90819187405333,2.10323869483460,0,4.875,4.443
607,DSPC,0.394899188730736,64.1824256345992,25.6376453866035,1.66364547458912,8.12138431547739,1.099,4.331,2.303
608,DSPC,0.411613547785867,66.8989875767343,26.7227750160088,1.73406032626836,4.23256353320277,1.099,4.078,2.197
609,DSPC,0.417503920684731,67.8563418365811,27.1051898091648,1.75887550061281,2.86208893295656,1.609,3.466,3.466
610,DSPC,0.476145326559472,77.3872494177314,11.5921151997578,0.752220794935792,9.79226926101552,0,3.892,2.89
611,DSPC,0.500658227412291,81.3712977039059,12.1889001616504,0.790946605601471,5.14819730142994,0.693,2.773,2.079
612,DSPC,0.509399864097950,82.7920639716345,12.4017218651140,0.804756760883769,3.49205753826982,1.099,3.135,1.099
613,DSPC,0.332244073985539,26.9995877171239,65.0317895116161,4.21996016771356,3.41641852956085,2.079,5.733,3.434
614,DSPC,0.338018131016195,27.4688125174725,66.1619744896093,4.29329869376516,1.73789616813680,1.609,5.407,3.784
615,DSPC,0.339987675276451,27.6288661863902,66.5474832098411,4.31831463529009,1.16534829320220,0,4.543,2.303
616,DSPC,0.585785969975643,47.6034967007606,42.9970534628391,2.79011010314919,6.02355376327545,2.197,4.779,2.89
617,DSPC,0.603976391299346,49.0817288637883,44.3322416685235,2.87675143789798,3.10530163849091,1.386,4.86,3.091
618,DSPC,0.610293543097146,49.5950878894018,44.7959245279716,2.90684015623123,2.09185388329824,2.197,4.828,3.135
619,DSPC,0.785628836981312,63.8435907756844,25.6291750358644,1.66309582736283,8.07850952410702,0.693,4.736,2.565
620,DSPC,0.818698140612861,66.5309451457222,26.7079783220876,1.73310015802710,4.20927823355027,1.609,4.19,3.611
621,DSPC,0.830348703019111,67.4777201411885,27.0880487689965,1.75776320603679,2.84611918075904,1.386,4.111,2.485
622,DSPC,0.947198891388300,76.9734708788637,11.5874976699135,0.751921160062407,9.73991139977212,1.099,4.585,2.944
623,DSPC,0.995688479235960,80.9139441121562,12.1806919729350,0.790413970259769,5.11926146541301,0,3.401,1.609
624,DSPC,1.01297407641887,82.3186463594662,12.3921542317078,0.804135910186341,3.47208942222082,0.693,3.332,2.944
625,DSPC,0.657792446023999,26.7275268946700,65.0138890134992,4.21879859135832,3.38199305444852,1.386,6.001,7.041
626,DSPC,0.669107022538539,27.1872625604139,66.1321819130261,4.29136543178023,1.72008307224123,0.693,5.088,6.891
627,DSPC,0.672965544677208,27.3440426433388,66.5135446538053,4.31611233768001,1.15333482049871,0.693,4.673,5.081
628,DSPC,1.15952305501415,47.1139244988381,42.9761908541285,2.78875631328096,5.96160527873822,2.833,5.561,4.934
629,DSPC,1.19514805992888,48.5614453433484,44.2965846175591,2.87443762590084,3.07238435326273,0,5.159,5.323
630,DSPC,1.20751455602309,49.0639227721311,44.7549324650153,2.90418015142178,2.06945005540881,0.693,5.142,6.103
631,DSPC,1.55484089660875,63.1765416769882,25.6124998335424,1.66201376134380,7.99410383151686,2.079,5.318,5.043
632,DSPC,1.61957619806049,65.8068767029440,26.6788680396228,1.73121117060426,4.16346788876843,2.303,4.868,5.442
633,DSPC,1.64236937186468,66.7330125525551,27.0543342121032,1.75557544389414,2.81470841958289,1.946,4.543,3.97
634,DSPC,1.87435397824102,76.1590478370147,11.5784091784902,0.751331401237085,9.63685760501697,1.609,4.812,2.773
635,DSPC,1.96924042612402,80.0144890222424,12.1645493269556,0.789366462209532,5.06235476246842,0,4.234,2.565
636,DSPC,2.00304076938507,81.3878699253211,12.3733435084138,0.802915268656674,3.43283052822328,0.693,3.526,3.526
637,DSPC,3.04361112215525,24.7336978756832,64.8827031548445,4.21028584548053,3.12970200183654,3.314,6.507,7.372
638,DSPC,3.09199625652382,25.1268963649498,65.9141615719500,4.27721793311839,1.58972787345795,2.773,6.246,7.035
639,DSPC,3.10846831895851,25.2607554551218,66.2653075936999,4.30000405412112,1.06546457809859,2.079,5.704,6.895
640,DSPC,5.35687813502724,43.5323042369467,42.8235638426676,2.77885223538738,5.50840154997106,5.549,6.207,7.036
641,DSPC,5.50859592673212,44.7652285074222,44.0364151294385,2.85755503840065,2.83220539800661,4.585,4.654,6.603
642,DSPC,5.56109648501107,45.1918707079726,44.4561112570269,2.88478942567905,1.90613212431036,4.22,5.13,6.347
643,DSPC,7.17451933410433,58.3032412785133,25.4906748130464,1.65410844706927,7.37745612726668,5.874,3.664,3.045
644,DSPC,7.44930389751738,60.5362592626069,26.4669693386338,1.71746090962452,3.83000659161734,3.676,4.654,5.017
645,DSPC,7.54563669174179,61.3191011343962,26.8092344879845,1.73967074435156,2.58635694152596,4.745,4.304,4.595
646,DSPC,8.64040661424833,70.2156741261153,11.5120845557556,0.747027548180286,8.88480715570053,4.357,3.466,3.912
647,DSPC,9.04209287148367,73.4799500564245,12.0472730445187,0.781756318859365,4.64892770871384,3.45,2.996,3.871
648,DSPC,9.18441853080461,74.6365498046567,12.2369012758862,0.794061432851377,3.14806895580111,1.386,2.996,4.025
649,DSPC,16.5482784255209,13.4478454215164,64.1401398604241,4.16210037268341,1.70163591985518,1.792,8.461,6.286
650,DSPC,16.6902823452771,13.5632439368802,64.6905385810455,4.19781614638156,0.858118990415596,1.253,7.442,5.464
651,DSPC,16.7381601221619,13.6021514852135,64.8761099877280,4.20985801006620,0.573720394830373,0.693,7.786,5.811
652,DSPC,28.8744736492385,23.4646437700595,41.9684014245124,2.72336012347347,2.96912103271610,2.485,8.054,5.73
653,DSPC,29.3095922837892,23.8182399561398,42.6008366246806,2.76439930405596,1.50693183133448,3.784,7.532,5.342
654,DSPC,29.4575607369491,23.9384855088305,42.8159054607680,2.77835527741024,1.00969301604215,5.139,6.976,6.219
655,DSPC,38.4115950094653,31.2149202955487,24.8135084187921,1.61016662673605,3.94980964945777,0.916,7.727,4.5
656,DSPC,39.1854707621396,31.8438051396285,25.3134244597519,1.64260654259712,2.01469309588296,1.386,6.852,5.438
657,DSPC,39.4504056283033,32.0591026488513,25.4845697488336,1.65371228500772,1.35220968900405,1.386,6.902,6.109
658,DSPC,46.0100635618566,37.3897638596516,11.1457663297368,0.723256891796445,4.73114935695861,0.693,1.792,1.099
659,DSPC,47.1248367677082,38.2956766903918,11.4158159819475,0.740780610337678,2.42288994961481,1.504,4.454,3.555
660,DSPC,47.5085298997585,38.6074822931519,11.5087642124234,0.746812088684089,1.62841150598215,1.504,5.303,5.278
661,DSPC,0.129224926312473,21.0027507269511,46.2187426760270,29.9916786173934,2.65760305331606,0.916,2.079,1.386
662,DSPC,0.130965193807173,21.2855940253177,46.8411688427134,30.3955754885214,1.34669644964030,1.253,2.079,1.386
663,DSPC,0.131555745994040,21.3815756654389,47.0523864486384,30.5326361307730,0.901846009155707,0.405,2.197,1.609
664,DSPC,0.246760856530862,40.1057048881938,33.0962943526992,21.4764263625818,5.07481353999432,0.916,2.833,1.946
665,DSPC,0.253185194804461,41.1498438108947,33.9579455623502,22.0355581057641,2.60346732618648,0.405,2.944,2.398
666,DSPC,0.255401627444819,41.5100775798501,34.2552200495177,22.2284616847899,1.75083905839748,0.916,2.773,2.303
667,DSPC,0.354125150675787,57.5554769348680,21.1094712674559,13.6980895926670,7.28283705433341,0.693,3.871,1.946
668,DSPC,0.367507642041853,59.7305149734846,21.9072042622455,14.2157443408700,3.77902878135804,0.693,3.714,2.303
669,DSPC,0.372196108057380,60.4925249496234,22.1866846619131,14.3971012069676,2.55149307343856,1.099,4.357,2.708
670,DSPC,0.452583434729791,73.5577673288227,10.1169709988014,6.56497613759028,9.30770210005582,0.916,2.639,1.792
671,DSPC,0.474674058379915,77.1481262105492,10.6107809389447,6.88541300292569,4.88100578920054,1.504,3.332,1.386
672,DSPC,0.482524745297344,78.4240876296596,10.7862738221779,6.99929161252922,3.30782219033595,0.693,3.807,2.079
673,DSPC,0.257142587919229,20.8965167536311,46.2137446561514,29.9884353659081,2.64416063639022,0.916,2.303,1.386
674,DSPC,0.260587767505037,21.1764869192760,46.8329133864712,30.3902184628621,1.33979346388561,0.916,2.197,1.792
675,DSPC,0.261756767525900,21.2714849074297,47.0430064282516,30.5265493672529,0.897202529539935,0.916,1.386,1.946
676,DSPC,0.490977140907810,39.8989219702985,33.0894608009972,21.4719920211307,5.04864806666577,1.504,3.332,1.946
677,DSPC,0.503691958059060,40.9321829006268,33.9463773632229,22.0280514171282,2.58969636096302,0.405,3.401,2.197
678,DSPC,0.508077849250022,41.2885993522662,34.2419650037645,22.2198603890974,1.74149740562190,0.693,4.234,2.485
679,DSPC,0.704535307141979,57.2535804681309,21.1032168630437,13.6940310641088,7.24463629757462,0.916,2.89,1.099
680,DSPC,0.731014996012912,59.4054342960009,21.8963731620177,14.2087159610765,3.75846158489205,1.609,4.71,3.178
681,DSPC,0.740289494772247,60.1591201022853,22.1741757882739,14.3889841077924,2.53743050687612,1.386,4.771,2.079
682,DSPC,0.900344818915233,73.1659066852699,10.1131404128074,6.56249044245023,9.25811764055720,0.693,2.708,1.609
683,DSPC,0.944045227800134,76.7171905616331,10.6040060921175,6.88101675549534,4.85374136295393,1.386,3.584,1.099
684,DSPC,0.959570247130661,77.9788206524165,10.7783911689265,6.99417650144488,3.28904143008147,0.916,4.369,1.792
685,DSPC,0.509134669639160,20.6872405696387,46.2038987801627,29.9820463052963,2.61767967526303,0.405,2.303,2.303
686,DSPC,0.515886801615790,20.9615942659948,46.8166537956867,30.3796674960243,1.32619764067845,0.405,2.197,1.099
687,DSPC,0.518177487486983,21.0546697772744,47.0245332123541,30.5145619629630,0.888057559921479,0.916,1.792,1.609
688,DSPC,0.971931822476862,39.4916878143781,33.0760029405141,21.4632591174835,4.99711830514744,1.099,2.485,1.946
689,DSPC,0.996838420057582,40.5036966337514,33.9236042596258,22.0132737844048,2.56258690216030,0.693,3.85,1.386
690,DSPC,1.00542673129995,40.8526582569773,34.2158747680477,22.2029302451912,1.72310999848386,0.916,4.025,2.197
691,DSPC,1.39444204550040,56.6591901434069,21.0909028485417,13.6860404104464,7.16942455210449,0.916,3.434,1.386
692,DSPC,1.44628728329153,58.7657740602623,21.8750608398622,14.1948862400657,3.71799157651828,2.015,3.932,2.079
693,DSPC,1.46443649176057,59.5032155745352,22.1495671872816,14.3730154074459,2.50976533897670,1.872,4.205,2.833
694,DSPC,1.78170644517570,72.3945785934171,10.1056003889901,6.55759766610016,9.16051690631689,1.099,3.135,1.946
695,DSPC,1.86723042453543,75.8696024741155,10.5906809483751,6.87236997270741,4.80011618026653,1.253,3.738,1.386
696,DSPC,1.89759264167835,77.1032848919879,10.7628913785506,6.98411857462392,3.25211251315923,0.405,4.248,1.609
697,DSPC,2.35684511159333,19.1527408037106,46.1317047344206,29.9351990634065,2.42351028686905,0.693,2.303,1.386
698,DSPC,2.38575461586075,19.3876719153369,46.6975648786968,30.3023898307644,1.22661875934117,0.693,1.792,1.609
699,DSPC,2.39554936850855,19.4672683036515,46.8892824569426,30.4267967630852,0.821103107812101,0.405,1.386,1.609
700,DSPC,4.49280718712685,36.5104907033604,32.9774833683971,21.3993290498664,4.61988969124922,1.386,3.526,1.946
701,DSPC,4.59904253306753,37.3738049852306,33.7572573956317,21.9053300932730,2.36456499279717,0.693,3.466,2.485
702,DSPC,4.63557963078849,37.6707212140175,34.0254419586984,22.0793570087610,1.58890018773467,0.693,3.85,2.833
703,DSPC,6.43754794994874,52.3142936675515,21.0008894078988,13.6276300334716,6.61963894112935,1.386,3.989,2.773
704,DSPC,6.65791284564720,54.1050739393599,21.7197747412473,14.0941199601163,3.42311851362928,2.015,4.143,2.708
705,DSPC,6.73475910760074,54.7295598377714,21.9704664426908,14.2567956303404,2.30841898159657,1.504,4.682,3.045
706,DSPC,8.21564575453919,66.7638840150245,10.0505582199348,6.52188040186636,8.44803160863519,2.197,3.584,2.708
707,DSPC,8.57798102889091,69.7083768709883,10.4938187838406,6.80951540893732,4.41030790734282,1.504,3.871,2.565
708,DSPC,8.70596768936246,70.7484517245654,10.6503904546352,6.91111590603380,2.98407422540319,1.253,4.663,2.639
709,DSPC,12.8474718122479,10.4404102073815,45.7218132456383,29.6692174921263,1.32108724260601,1.099,2.079,1.946
710,DSPC,12.9328992533152,10.5098322338116,46.0258339559861,29.8664987444896,0.664935812397558,0.693,1.792,1.386
711,DSPC,12.9616280889930,10.5331785258790,46.1280746519628,29.9328434764709,0.444275256694166,1.099,1.386,1.386
712,DSPC,24.2952432571137,19.7433634725372,32.4233803893265,21.0397675926084,2.49824528841421,1.099,3.664,1.946
713,DSPC,24.6025593976036,19.9931018348355,32.8335112127736,21.3059044698950,1.26492308489230,0.405,3.611,2.197
714,DSPC,24.7067331211946,20.0777578997029,32.9725369566534,21.3961192872736,0.846852735175624,0.916,2.89,2.197
715,DSPC,34.5602385118300,28.0851417462901,20.4989328387576,13.3019067612680,3.55378014185431,0.405,5.17,2.996
716,DSPC,35.1854451938917,28.5932116856924,20.8697656321001,13.5425428607110,1.80903462760470,0.405,5.951,4.094
717,DSPC,35.3989046750130,28.7666780748878,20.9963762041251,13.6247013826845,1.21333966328959,0,5.666,4.159
718,DSPC,43.8167587198458,35.6073896622163,9.74599170412313,6.32424497236388,4.50561494145095,1.099,5.455,3.829
719,DSPC,44.8266160756719,36.4280433441115,9.97061035917148,6.47000165295778,2.30472856808729,1.099,5.069,4.143
720,DSPC,45.1736594874915,36.7100658020796,10.0478018792971,6.52009179235912,1.54838103877267,0.916,5.394,4.71
